Time Stamp, Noise Level, Humidity, Temperature (*C)
2/15 19:35:52,24.81,38.00,18.00
2/15 19:35:53,24.17,38.00,18.00
2/15 19:35:54,24.49,38.00,18.00
2/15 19:35:55,24.49,38.00,18.00
2/15 19:35:56,25.14,38.00,18.00
2/15 19:35:57,24.81,38.00,18.00
2/15 19:35:59,24.81,38.00,18.00
2/15 19:36:0,23.85,38.00,18.00
2/15 19:36:1,25.14,38.00,18.00
2/15 19:36:2,24.17,38.00,18.00
2/15 19:36:3,25.46,38.00,18.00
2/15 19:36:4,24.81,38.00,18.00
2/15 19:36:5,24.81,38.00,18.00
2/15 19:36:6,24.17,38.00,18.00
2/15 19:36:7,24.81,38.00,18.00
2/15 19:36:8,25.78,38.00,18.00
2/15 19:36:9,24.17,38.00,18.00
2/15 19:36:11,24.49,38.00,18.00
2/15 19:36:12,24.17,38.00,18.00
2/15 19:36:13,25.14,38.00,18.00
2/15 19:36:14,24.49,38.00,18.00
2/15 19:36:15,24.81,38.00,18.00
2/15 19:36:16,24.17,38.00,18.00
2/15 19:36:18,23.85,38.00,18.00
2/15 19:36:19,23.53,38.00,18.00
2/15 19:36:20,24.81,38.00,18.00
2/15 19:36:21,24.49,38.00,18.00
2/15 19:36:22,23.85,38.00,18.00
2/15 19:36:23,23.53,38.00,18.00
2/15 19:36:24,23.53,38.00,18.00
2/15 19:36:25,24.81,38.00,18.00
2/15 19:36:26,24.17,38.00,18.00
2/15 19:36:27,25.14,38.00,18.00
2/15 19:36:28,24.81,38.00,18.00
2/15 19:36:30,24.49,38.00,18.00
2/15 19:36:31,24.49,38.00,18.00
2/15 19:36:32,25.14,38.00,18.00
2/15 19:36:33,24.17,38.00,18.00
2/15 19:36:34,24.17,38.00,18.00
2/15 19:36:35,24.17,38.00,18.00
2/15 19:36:37,23.85,38.00,18.00
2/15 19:36:38,24.81,38.00,18.00
2/15 19:36:39,24.81,38.00,18.00
2/15 19:36:40,24.17,38.00,18.00
2/15 19:36:41,24.49,38.00,18.00
2/15 19:36:42,25.14,38.00,18.00
2/15 19:36:43,25.14,38.00,18.00
2/15 19:36:44,24.49,38.00,18.00
2/15 19:36:45,24.17,38.00,18.00
2/15 19:36:46,24.49,38.00,18.00
2/15 19:36:47,24.81,38.00,18.00
2/15 19:36:49,25.14,38.00,18.00
2/15 19:36:50,24.17,38.00,18.00
2/15 19:36:51,24.49,38.00,18.00
2/15 19:36:52,24.17,38.00,18.00
2/15 19:36:53,24.49,38.00,18.00
2/15 19:36:54,23.85,38.00,18.00
2/15 19:36:56,24.49,38.00,18.00
2/15 19:36:57,23.85,38.00,18.00
2/15 19:36:58,24.17,38.00,18.00
2/15 19:36:59,24.49,38.00,18.00
2/15 19:37:0,24.81,38.00,18.00
2/15 19:37:1,24.17,38.00,18.00
2/15 19:37:2,24.17,38.00,18.00
2/15 19:37:3,24.81,38.00,18.00
2/15 19:37:4,24.17,38.00,18.00
2/15 19:37:5,24.49,38.00,18.00
2/15 19:37:6,24.81,38.00,18.00
2/15 19:37:8,24.49,38.00,18.00
2/15 19:37:9,24.81,38.00,18.00
2/15 19:37:10,23.85,38.00,18.00
2/15 19:37:11,24.49,38.00,18.00
2/15 19:37:12,24.49,38.00,18.00
2/15 19:37:13,24.49,38.00,18.00
2/15 19:37:15,24.17,38.00,18.00
2/15 19:37:16,23.85,38.00,18.00
2/15 19:37:17,24.17,38.00,18.00
2/15 19:37:18,24.17,38.00,18.00
2/15 19:37:19,24.81,38.00,18.00
2/15 19:37:20,25.14,38.00,18.00
2/15 19:37:21,25.14,38.00,18.00
2/15 19:37:22,24.49,38.00,18.00
2/15 19:37:23,24.17,38.00,18.00
2/15 19:37:24,24.81,38.00,18.00
2/15 19:37:25,24.49,38.00,18.00
2/15 19:37:27,24.81,38.00,18.00
2/15 19:37:28,24.17,38.00,18.00
2/15 19:37:29,24.81,38.00,18.00
2/15 19:37:30,24.49,38.00,18.00
2/15 19:37:31,24.17,38.00,18.00
2/15 19:37:32,24.49,38.00,18.00
2/15 19:37:34,24.49,38.00,18.00
2/15 19:37:35,24.17,38.00,18.00
2/15 19:37:36,24.49,38.00,18.00
2/15 19:37:37,24.49,38.00,18.00
2/15 19:37:38,24.81,38.00,18.00
2/15 19:37:39,24.49,38.00,18.00
2/15 19:37:41,24.49,38.00,18.00
2/15 19:37:42,24.17,38.00,18.00
2/15 19:37:43,24.17,38.00,18.00
2/15 19:37:44,24.17,38.00,18.00
2/15 19:37:46,24.81,38.00,18.00
2/15 19:37:47,24.49,38.00,18.00
2/15 19:37:48,24.49,38.00,18.00
2/15 19:37:49,24.49,38.00,18.00
2/15 19:37:50,24.49,38.00,18.00
2/15 19:37:51,25.14,38.00,18.00
2/15 19:37:53,23.85,38.00,18.00
2/15 19:37:54,23.85,38.00,18.00
2/15 19:37:55,25.14,38.00,18.00
2/15 19:37:56,24.81,38.00,18.00
2/15 19:37:57,24.17,38.00,18.00
2/15 19:37:58,24.49,38.00,18.00
2/15 19:38:0,24.17,38.00,18.00
2/15 19:38:1,24.49,38.00,18.00
2/15 19:38:2,24.49,38.00,18.00
2/15 19:38:3,24.17,38.00,18.00
2/15 19:38:5,24.49,38.00,18.00
2/15 19:38:6,24.17,38.00,18.00
2/15 19:38:7,24.17,38.00,18.00
2/15 19:38:8,24.81,38.00,18.00
2/15 19:38:9,25.14,38.00,18.00
2/15 19:38:10,24.81,38.00,18.00
2/15 19:38:12,24.81,38.00,18.00
2/15 19:38:13,23.53,38.00,18.00
2/15 19:38:14,24.81,38.00,18.00
2/15 19:38:15,24.17,38.00,18.00
2/15 19:38:16,24.49,38.00,18.00
2/15 19:38:17,24.17,38.00,18.00
2/15 19:38:19,23.85,38.00,18.00
2/15 19:38:20,24.49,38.00,18.00
2/15 19:38:21,24.49,38.00,18.00
2/15 19:38:22,24.81,38.00,18.00
2/15 19:38:23,24.49,38.00,18.00
2/15 19:38:24,24.49,38.00,18.00
2/15 19:38:25,24.49,38.00,18.00
2/15 19:38:26,25.14,38.00,18.00
2/15 19:38:27,24.17,38.00,18.00
2/15 19:38:28,25.14,38.00,18.00
2/15 19:38:29,23.85,38.00,18.00
2/15 19:38:31,24.81,38.00,18.00
2/15 19:38:32,25.14,38.00,18.00
2/15 19:38:33,24.49,38.00,18.00
2/15 19:38:34,24.49,38.00,18.00
2/15 19:38:35,24.81,38.00,18.00
2/15 19:38:36,24.49,38.00,18.00
2/15 19:38:38,24.17,38.00,18.00
2/15 19:38:39,24.81,38.00,18.00
2/15 19:38:40,24.49,38.00,18.00
2/15 19:38:41,24.49,38.00,18.00
2/15 19:38:42,24.17,38.00,18.00
2/15 19:38:43,24.17,38.00,18.00
2/15 19:38:44,23.85,38.00,18.00
2/15 19:38:45,24.49,38.00,18.00
2/15 19:38:46,24.81,38.00,18.00
2/15 19:38:47,24.17,38.00,18.00
2/15 19:38:48,24.49,38.00,18.00
2/15 19:38:50,24.17,38.00,18.00
2/15 19:38:51,24.49,38.00,18.00
2/15 19:38:52,24.17,38.00,18.00
2/15 19:38:53,24.17,38.00,18.00
2/15 19:38:54,24.81,38.00,18.00
2/15 19:38:55,24.81,38.00,18.00
2/15 19:38:57,24.49,38.00,18.00
2/15 19:38:58,25.14,38.00,18.00
2/15 19:38:59,24.49,38.00,18.00
2/15 19:39:0,24.81,38.00,18.00
2/15 19:39:1,24.81,38.00,18.00
2/15 19:39:2,24.81,38.00,18.00
2/15 19:39:3,24.49,38.00,18.00
2/15 19:39:4,24.17,38.00,18.00
2/15 19:39:5,24.17,38.00,18.00
2/15 19:39:6,24.81,38.00,18.00
2/15 19:39:7,24.17,38.00,18.00
2/15 19:39:9,25.46,38.00,18.00
2/15 19:39:10,24.81,38.00,18.00
2/15 19:39:12,24.49,38.00,18.00
2/15 19:39:13,23.85,38.00,18.00
2/15 19:39:14,24.17,38.00,18.00
2/15 19:39:15,24.49,38.00,18.00
2/15 19:39:17,23.53,38.00,18.00
2/15 19:39:18,24.17,38.00,18.00
2/15 19:39:19,24.81,38.00,18.00
2/15 19:39:20,24.49,38.00,18.00
2/15 19:39:21,25.14,38.00,18.00
2/15 19:39:23,24.17,38.00,18.00
2/15 19:39:24,24.49,38.00,18.00
2/15 19:39:25,24.49,38.00,18.00
2/15 19:39:26,25.14,38.00,18.00
2/15 19:39:27,25.14,38.00,18.00
2/15 19:39:29,24.81,38.00,18.00
2/15 19:39:30,24.49,38.00,18.00
2/15 19:39:31,24.49,38.00,18.00
2/15 19:39:32,24.17,38.00,18.00
2/15 19:39:33,24.81,38.00,18.00
2/15 19:39:34,24.49,38.00,18.00
2/15 19:39:36,24.49,38.00,18.00
2/15 19:39:37,24.81,38.00,18.00
2/15 19:39:38,24.49,38.00,18.00
2/15 19:39:39,24.49,38.00,18.00
2/15 19:39:40,24.81,38.00,18.00
2/15 19:39:42,23.85,38.00,18.00
2/15 19:39:43,24.81,38.00,18.00
2/15 19:39:44,24.81,38.00,18.00
2/15 19:39:45,24.49,38.00,18.00
2/15 19:39:46,24.81,38.00,18.00
2/15 19:39:48,24.81,38.00,18.00
2/15 19:39:49,23.85,38.00,18.00
2/15 19:39:50,25.14,38.00,18.00
2/15 19:39:51,24.17,38.00,18.00
2/15 19:39:52,24.49,38.00,18.00
2/15 19:39:53,24.17,38.00,18.00
2/15 19:39:55,23.53,38.00,18.00
2/15 19:39:56,24.49,38.00,18.00
2/15 19:39:57,24.17,38.00,18.00
2/15 19:39:58,24.49,38.00,18.00
2/15 19:39:59,24.17,38.00,18.00
2/15 19:40:0,24.17,38.00,18.00
2/15 19:40:1,24.17,38.00,18.00
2/15 19:40:2,24.17,38.00,18.00
2/15 19:40:3,24.17,38.00,18.00
2/15 19:40:4,24.81,38.00,18.00
2/15 19:40:5,24.49,38.00,18.00
2/15 19:40:7,24.49,38.00,18.00
2/15 19:40:8,24.81,38.00,18.00
2/15 19:40:9,24.81,38.00,18.00
2/15 19:40:10,24.49,38.00,18.00
2/15 19:40:11,24.49,38.00,18.00
2/15 19:40:12,24.81,38.00,18.00
2/15 19:40:14,24.17,38.00,18.00
2/15 19:40:15,23.53,38.00,18.00
2/15 19:40:16,24.81,38.00,18.00
2/15 19:40:17,24.81,38.00,18.00
2/15 19:40:18,25.14,38.00,18.00
2/15 19:40:19,24.49,38.00,18.00
2/15 19:40:20,24.49,38.00,18.00
2/15 19:40:21,25.14,38.00,18.00
2/15 19:40:22,25.14,38.00,18.00
2/15 19:40:23,24.17,38.00,18.00
2/15 19:40:24,23.85,38.00,18.00
2/15 19:40:26,24.17,38.00,18.00
2/15 19:40:27,25.14,38.00,18.00
2/15 19:40:28,24.81,38.00,18.00
2/15 19:40:29,24.49,38.00,18.00
2/15 19:40:30,24.81,38.00,18.00
2/15 19:40:31,24.17,38.00,18.00
2/15 19:40:33,24.81,38.00,18.00
2/15 19:40:34,23.85,38.00,18.00
2/15 19:40:35,24.49,38.00,18.00
2/15 19:40:36,24.17,38.00,18.00
2/15 19:40:37,24.49,38.00,18.00
2/15 19:40:38,24.49,38.00,18.00
2/15 19:40:39,24.49,38.00,18.00
2/15 19:40:40,24.49,38.00,18.00
2/15 19:40:41,24.49,38.00,18.00
2/15 19:40:42,24.81,38.00,18.00
2/15 19:40:43,24.49,38.00,18.00
2/15 19:40:45,24.17,38.00,18.00
2/15 19:40:46,24.49,38.00,18.00
2/15 19:40:47,24.81,38.00,18.00
2/15 19:40:48,25.14,38.00,18.00
2/15 19:40:49,24.17,38.00,18.00
2/15 19:40:50,24.49,38.00,18.00
2/15 19:40:52,23.85,38.00,18.00
2/15 19:40:53,24.17,38.00,18.00
2/15 19:40:54,24.49,38.00,18.00
2/15 19:40:55,24.49,38.00,18.00
2/15 19:40:56,24.49,38.00,18.00
2/15 19:40:57,25.14,38.00,18.00
2/15 19:40:58,25.14,38.00,18.00
2/15 19:40:59,24.81,38.00,18.00
2/15 19:41:0,23.85,38.00,18.00
2/15 19:41:1,24.81,38.00,18.00
2/15 19:41:2,24.81,38.00,18.00
2/15 19:41:4,25.14,38.00,18.00
2/15 19:41:5,24.81,38.00,18.00
2/15 19:41:6,24.49,38.00,18.00
2/15 19:41:7,24.81,38.00,18.00
2/15 19:41:8,24.81,38.00,18.00
2/15 19:41:9,24.17,38.00,18.00
2/15 19:41:11,23.85,38.00,18.00
2/15 19:41:12,23.85,38.00,18.00
2/15 19:41:13,25.46,38.00,18.00
2/15 19:41:14,24.17,38.00,18.00
2/15 19:41:15,24.81,38.00,18.00
2/15 19:41:16,24.49,38.00,18.00
2/15 19:41:17,24.49,38.00,18.00
2/15 19:41:18,24.81,38.00,18.00
2/15 19:41:19,24.17,38.00,18.00
2/15 19:41:20,24.81,38.00,18.00
2/15 19:41:21,24.17,38.00,18.00
2/15 19:41:23,24.49,38.00,18.00
2/15 19:41:24,24.49,38.00,18.00
2/15 19:41:25,24.81,38.00,18.00
2/15 19:41:26,24.17,38.00,18.00
2/15 19:41:27,24.81,38.00,18.00
2/15 19:41:28,24.81,38.00,18.00
2/15 19:41:30,23.85,38.00,18.00
2/15 19:41:31,23.20,38.00,18.00
2/15 19:41:32,24.17,38.00,18.00
2/15 19:41:33,25.14,38.00,18.00
2/15 19:41:34,24.81,38.00,18.00
2/15 19:41:35,24.81,38.00,18.00
2/15 19:41:36,24.81,38.00,18.00
2/15 19:41:37,24.49,38.00,18.00
2/15 19:41:38,23.85,38.00,18.00
2/15 19:41:39,24.17,38.00,18.00
2/15 19:41:40,24.49,38.00,18.00
2/15 19:41:42,24.49,38.00,18.00
2/15 19:41:43,24.49,38.00,18.00
2/15 19:41:44,24.49,38.00,18.00
2/15 19:41:45,25.14,38.00,18.00
2/15 19:41:46,24.49,38.00,18.00
2/15 19:41:47,24.81,38.00,18.00
2/15 19:41:49,23.85,38.00,18.00
2/15 19:41:50,24.17,38.00,18.00
2/15 19:41:51,24.81,38.00,18.00
2/15 19:41:52,24.17,38.00,18.00
2/15 19:41:53,24.49,38.00,18.00
2/15 19:41:54,24.49,38.00,18.00
2/15 19:41:55,24.49,38.00,18.00
2/15 19:41:56,24.17,38.00,18.00
2/15 19:41:57,24.49,38.00,18.00
2/15 19:41:58,24.49,38.00,18.00
2/15 19:41:59,24.49,38.00,18.00
2/15 19:42:1,24.49,38.00,18.00
2/15 19:42:2,24.81,38.00,18.00
2/15 19:42:3,24.17,38.00,18.00
2/15 19:42:4,24.49,38.00,18.00
2/15 19:42:5,24.81,38.00,18.00
2/15 19:42:6,24.49,38.00,18.00
2/15 19:42:8,23.85,38.00,18.00
2/15 19:42:9,23.53,38.00,18.00
2/15 19:42:10,24.81,38.00,18.00
2/15 19:42:11,24.17,38.00,18.00
2/15 19:42:12,24.49,38.00,18.00
2/15 19:42:13,24.17,38.00,18.00
2/15 19:42:15,24.81,38.00,18.00
2/15 19:42:16,24.49,38.00,18.00
2/15 19:42:17,24.49,38.00,18.00
2/15 19:42:18,24.17,38.00,18.00
2/15 19:42:20,24.81,38.00,18.00
2/15 19:42:21,24.49,38.00,18.00
2/15 19:42:22,24.81,38.00,18.00
2/15 19:42:23,24.17,38.00,18.00
2/15 19:42:24,24.49,38.00,18.00
2/15 19:42:25,24.49,38.00,18.00
2/15 19:42:27,24.49,38.00,18.00
2/15 19:42:28,23.85,38.00,18.00
2/15 19:42:29,25.14,38.00,18.00
2/15 19:42:30,24.49,38.00,18.00
2/15 19:42:31,25.46,38.00,18.00
2/15 19:42:32,24.81,38.00,18.00
2/15 19:42:34,24.49,38.00,18.00
2/15 19:42:35,24.81,38.00,18.00
2/15 19:42:36,24.49,38.00,18.00
2/15 19:42:37,24.49,38.00,18.00
2/15 19:42:39,24.81,38.00,18.00
2/15 19:42:40,25.14,38.00,18.00
2/15 19:42:41,24.49,38.00,18.00
2/15 19:42:42,24.81,38.00,18.00
2/15 19:42:43,24.17,38.00,18.00
2/15 19:42:44,24.49,38.00,18.00
2/15 19:42:46,24.81,38.00,18.00
2/15 19:42:47,24.17,38.00,18.00
2/15 19:42:48,24.17,38.00,18.00
2/15 19:42:49,24.81,38.00,18.00
2/15 19:42:50,24.81,38.00,18.00
2/15 19:42:51,24.49,38.00,18.00
2/15 19:42:53,24.49,38.00,18.00
2/15 19:42:54,24.17,38.00,18.00
2/15 19:42:55,24.49,38.00,18.00
2/15 19:42:56,24.81,38.00,18.00
2/15 19:42:58,24.49,38.00,18.00
2/15 19:42:59,24.17,38.00,18.00
2/15 19:43:0,24.49,38.00,18.00
2/15 19:43:1,24.81,38.00,18.00
2/15 19:43:2,24.17,38.00,18.00
2/15 19:43:3,24.49,38.00,18.00
2/15 19:43:5,24.81,38.00,18.00
2/15 19:43:6,25.14,38.00,18.00
2/15 19:43:7,24.17,38.00,18.00
2/15 19:43:8,25.14,38.00,18.00
2/15 19:43:9,24.81,38.00,18.00
2/15 19:43:10,24.81,38.00,18.00
2/15 19:43:12,24.17,38.00,18.00
2/15 19:43:13,23.85,38.00,18.00
2/15 19:43:14,24.49,38.00,18.00
2/15 19:43:15,24.17,38.00,18.00
2/15 19:43:17,24.49,38.00,18.00
2/15 19:43:18,25.46,38.00,18.00
2/15 19:43:19,25.14,38.00,18.00
2/15 19:43:20,24.49,38.00,18.00
2/15 19:43:21,24.81,38.00,18.00
2/15 19:43:22,24.17,38.00,18.00
2/15 19:43:24,24.49,38.00,18.00
2/15 19:43:25,24.81,38.00,18.00
2/15 19:43:26,24.81,38.00,18.00
2/15 19:43:27,24.49,38.00,18.00
2/15 19:43:28,24.49,38.00,18.00
2/15 19:43:29,24.49,38.00,18.00
2/15 19:43:31,23.53,38.00,18.00
2/15 19:43:32,23.85,38.00,18.00
2/15 19:43:33,24.17,38.00,18.00
2/15 19:43:34,24.17,38.00,18.00
2/15 19:43:36,24.81,38.00,18.00
2/15 19:43:37,24.81,38.00,18.00
2/15 19:43:38,24.81,38.00,18.00
2/15 19:43:39,24.17,38.00,18.00
2/15 19:43:40,24.81,38.00,18.00
2/15 19:43:41,24.81,38.00,18.00
2/15 19:43:43,24.81,38.00,18.00
2/15 19:43:44,23.85,38.00,18.00
2/15 19:43:45,24.81,38.00,18.00
2/15 19:43:46,24.81,38.00,18.00
2/15 19:43:47,24.81,38.00,18.00
2/15 19:43:48,25.14,38.00,18.00
2/15 19:43:50,24.49,38.00,18.00
2/15 19:43:51,23.85,38.00,18.00
2/15 19:43:52,24.81,38.00,18.00
2/15 19:43:53,24.81,38.00,18.00
2/15 19:43:55,24.49,38.00,18.00
2/15 19:43:56,24.81,38.00,18.00
2/15 19:43:57,24.49,38.00,18.00
2/15 19:43:58,23.85,38.00,18.00
2/15 19:43:59,25.14,38.00,18.00
2/15 19:44:0,25.14,38.00,18.00
2/15 19:44:2,24.49,38.00,18.00
2/15 19:44:3,24.49,38.00,18.00
2/15 19:44:4,24.49,38.00,18.00
2/15 19:44:5,24.81,38.00,18.00
2/15 19:44:6,24.49,38.00,18.00
2/15 19:44:7,24.49,38.00,18.00
2/15 19:44:9,24.17,38.00,18.00
2/15 19:44:10,24.49,38.00,18.00
2/15 19:44:11,24.81,38.00,18.00
2/15 19:44:12,24.81,38.00,18.00
2/15 19:44:14,24.81,38.00,18.00
2/15 19:44:15,24.17,38.00,18.00
2/15 19:44:16,24.49,38.00,18.00
2/15 19:44:17,24.17,38.00,18.00
2/15 19:44:18,23.85,38.00,18.00
2/15 19:44:19,24.81,38.00,18.00
2/15 19:44:21,24.49,38.00,18.00
2/15 19:44:22,24.49,38.00,18.00
2/15 19:44:23,24.81,38.00,18.00
2/15 19:44:24,24.81,38.00,18.00
2/15 19:44:25,24.81,38.00,18.00
2/15 19:44:26,24.49,38.00,18.00
2/15 19:44:28,23.53,38.00,18.00
2/15 19:44:29,24.49,38.00,18.00
2/15 19:44:30,24.49,38.00,18.00
2/15 19:44:31,24.17,38.00,18.00
2/15 19:44:33,24.81,38.00,18.00
2/15 19:44:34,23.85,38.00,18.00
2/15 19:44:35,24.17,38.00,18.00
2/15 19:44:36,24.49,38.00,18.00
2/15 19:44:37,24.17,38.00,18.00
2/15 19:44:38,24.49,38.00,18.00
2/15 19:44:40,24.81,38.00,18.00
2/15 19:44:41,25.14,38.00,18.00
2/15 19:44:42,25.14,38.00,18.00
2/15 19:44:43,24.49,38.00,18.00
2/15 19:44:44,24.49,38.00,18.00
2/15 19:44:45,23.85,38.00,18.00
2/15 19:44:47,24.17,38.00,18.00
2/15 19:44:48,23.85,38.00,18.00
2/15 19:44:49,24.81,38.00,18.00
2/15 19:44:50,24.49,38.00,18.00
2/15 19:44:51,24.49,38.00,18.00
2/15 19:44:52,24.49,38.00,18.00
2/15 19:44:53,24.49,38.00,18.00
2/15 19:44:54,25.46,38.00,18.00
2/15 19:44:55,24.81,38.00,18.00
2/15 19:44:56,24.81,38.00,18.00
2/15 19:44:57,24.17,38.00,18.00
2/15 19:44:59,25.14,38.00,18.00
2/15 19:45:0,23.85,38.00,18.00
2/15 19:45:1,25.14,38.00,18.00
2/15 19:45:2,24.49,38.00,18.00
2/15 19:45:3,24.81,38.00,18.00
2/15 19:45:4,24.81,38.00,18.00
2/15 19:45:6,24.17,38.00,18.00
2/15 19:45:7,24.17,38.00,18.00
2/15 19:45:8,24.49,38.00,18.00
2/15 19:45:9,23.85,38.00,18.00
2/15 19:45:10,24.17,38.00,18.00
2/15 19:45:12,24.17,38.00,18.00
2/15 19:45:13,25.46,38.00,18.00
2/15 19:45:14,24.49,38.00,18.00
2/15 19:45:15,24.49,38.00,18.00
2/15 19:45:16,24.49,38.00,18.00
2/15 19:45:18,24.49,38.00,18.00
2/15 19:45:19,25.14,38.00,18.00
2/15 19:45:20,24.81,38.00,18.00
2/15 19:45:21,24.49,38.00,18.00
2/15 19:45:22,24.81,38.00,18.00
2/15 19:45:23,24.17,38.00,18.00
2/15 19:45:25,25.14,38.00,18.00
2/15 19:45:26,23.53,38.00,18.00
2/15 19:45:27,24.81,38.00,18.00
2/15 19:45:28,24.17,38.00,18.00
2/15 19:45:29,24.81,38.00,18.00
2/15 19:45:30,24.81,38.00,18.00
2/15 19:45:31,24.81,38.00,18.00
2/15 19:45:32,25.14,38.00,18.00
2/15 19:45:33,24.49,38.00,18.00
2/15 19:45:34,24.49,38.00,18.00
2/15 19:45:35,24.81,38.00,18.00
2/15 19:45:37,24.81,38.00,18.00
2/15 19:45:38,23.85,38.00,18.00
2/15 19:45:39,25.14,38.00,18.00
2/15 19:45:40,24.49,38.00,18.00
2/15 19:45:41,24.49,38.00,18.00
2/15 19:45:42,24.17,38.00,18.00
2/15 19:45:44,24.49,38.00,18.00
2/15 19:45:45,23.53,38.00,18.00
2/15 19:45:46,24.81,38.00,18.00
2/15 19:45:47,24.17,38.00,18.00
2/15 19:45:48,24.81,38.00,18.00
2/15 19:45:49,24.49,38.00,18.00
2/15 19:45:51,24.81,38.00,18.00
2/15 19:45:52,24.81,38.00,18.00
2/15 19:45:53,24.17,38.00,18.00
2/15 19:45:54,24.81,38.00,18.00
2/15 19:45:56,24.49,38.00,18.00
2/15 19:45:57,23.85,38.00,18.00
2/15 19:45:58,24.17,38.00,18.00
2/15 19:45:59,24.17,38.00,18.00
2/15 19:46:0,24.81,38.00,18.00
2/15 19:46:1,23.85,38.00,18.00
2/15 19:46:3,24.49,38.00,18.00
2/15 19:46:4,22.88,38.00,18.00
2/15 19:46:5,24.81,38.00,18.00
2/15 19:46:6,24.49,38.00,18.00
2/15 19:46:7,24.81,38.00,18.00
2/15 19:46:8,24.49,38.00,18.00
2/15 19:46:10,24.49,38.00,18.00
2/15 19:46:11,24.49,38.00,18.00
2/15 19:46:12,24.17,38.00,18.00
2/15 19:46:13,24.49,38.00,18.00
2/15 19:46:15,24.49,38.00,18.00
2/15 19:46:16,24.81,38.00,18.00
2/15 19:46:17,24.17,38.00,18.00
2/15 19:46:18,24.81,38.00,18.00
2/15 19:46:19,25.14,38.00,18.00
2/15 19:46:20,24.49,38.00,18.00
2/15 19:46:22,24.17,38.00,18.00
2/15 19:46:23,24.17,38.00,18.00
2/15 19:46:24,24.49,38.00,18.00
2/15 19:46:25,24.17,38.00,18.00
2/15 19:46:26,24.49,38.00,18.00
2/15 19:46:27,24.81,38.00,18.00
2/15 19:46:28,24.81,38.00,18.00
2/15 19:46:29,24.49,38.00,18.00
2/15 19:46:30,23.85,38.00,18.00
2/15 19:46:31,24.81,38.00,18.00
2/15 19:46:32,24.17,38.00,18.00
2/15 19:46:34,24.81,38.00,18.00
2/15 19:46:35,24.81,38.00,18.00
2/15 19:46:36,23.85,38.00,18.00
2/15 19:46:37,24.49,38.00,18.00
2/15 19:46:38,24.81,38.00,18.00
2/15 19:46:39,23.53,38.00,18.00
2/15 19:46:41,24.49,38.00,18.00
2/15 19:46:42,24.49,38.00,18.00
2/15 19:46:43,24.49,38.00,18.00
2/15 19:46:44,24.49,38.00,18.00
2/15 19:46:45,24.49,38.00,18.00
2/15 19:46:46,24.17,38.00,18.00
2/15 19:46:48,24.17,38.00,18.00
2/15 19:46:49,24.17,38.00,18.00
2/15 19:46:50,24.49,38.00,18.00
2/15 19:46:51,24.81,38.00,18.00
2/15 19:46:53,24.17,38.00,18.00
2/15 19:46:54,24.49,38.00,18.00
2/15 19:46:55,24.81,38.00,18.00
2/15 19:46:56,24.49,38.00,18.00
2/15 19:46:57,24.49,38.00,18.00
2/15 19:46:58,24.49,38.00,18.00
2/15 19:47:0,25.46,38.00,18.00
2/15 19:47:1,25.14,38.00,18.00
2/15 19:47:2,23.85,38.00,18.00
2/15 19:47:3,24.81,38.00,18.00
2/15 19:47:4,24.49,38.00,18.00
2/15 19:47:5,24.81,38.00,18.00
2/15 19:47:7,23.85,38.00,18.00
2/15 19:47:8,24.49,38.00,18.00
2/15 19:47:9,24.81,38.00,18.00
2/15 19:47:10,24.17,38.00,18.00
2/15 19:47:12,24.81,38.00,18.00
2/15 19:47:13,23.85,38.00,18.00
2/15 19:47:14,24.81,38.00,18.00
2/15 19:47:15,24.49,38.00,18.00
2/15 19:47:16,24.81,38.00,18.00
2/15 19:47:17,24.49,38.00,18.00
2/15 19:47:20,24.81,38.00,18.00
2/15 19:47:21,24.17,38.00,18.00
2/15 19:47:22,23.85,38.00,18.00
2/15 19:47:23,24.17,38.00,18.00
2/15 19:47:24,25.14,38.00,18.00
2/15 19:47:25,23.85,38.00,18.00
2/15 19:47:27,24.17,38.00,18.00
2/15 19:47:28,24.49,38.00,18.00
2/15 19:47:29,24.49,38.00,18.00
2/15 19:47:30,24.81,38.00,18.00
2/15 19:47:31,24.17,38.00,18.00
2/15 19:47:32,24.17,38.00,18.00
2/15 19:47:33,23.85,38.00,18.00
2/15 19:47:34,24.17,38.00,18.00
2/15 19:47:35,24.49,38.00,18.00
2/15 19:47:36,24.81,38.00,18.00
2/15 19:47:37,23.85,38.00,18.00
2/15 19:47:39,24.81,38.00,18.00
2/15 19:47:40,24.17,38.00,18.00
2/15 19:47:41,24.81,38.00,18.00
2/15 19:47:42,24.49,38.00,18.00
2/15 19:47:43,24.49,38.00,18.00
2/15 19:47:44,24.81,38.00,18.00
2/15 19:47:46,24.17,38.00,18.00
2/15 19:47:47,23.53,38.00,18.00
2/15 19:47:48,24.81,38.00,18.00
2/15 19:47:49,24.81,38.00,18.00
2/15 19:47:50,24.81,38.00,18.00
2/15 19:47:51,24.81,38.00,18.00
2/15 19:47:52,24.17,38.00,18.00
2/15 19:47:53,24.49,38.00,18.00
2/15 19:47:54,25.14,38.00,18.00
2/15 19:47:55,24.17,38.00,18.00
2/15 19:47:56,23.85,38.00,18.00
2/15 19:47:58,24.49,38.00,18.00
2/15 19:47:59,24.49,38.00,18.00
2/15 19:48:0,24.17,38.00,18.00
2/15 19:48:1,24.81,38.00,18.00
2/15 19:48:2,24.81,38.00,18.00
2/15 19:48:3,23.53,38.00,18.00
2/15 19:48:5,24.49,38.00,18.00
2/15 19:48:6,24.49,38.00,18.00
2/15 19:48:7,24.49,38.00,18.00
2/15 19:48:8,24.49,38.00,18.00
2/15 19:48:9,24.81,38.00,18.00
2/15 19:48:11,23.85,38.00,18.00
2/15 19:48:12,24.17,38.00,18.00
2/15 19:48:13,25.14,38.00,18.00
2/15 19:48:14,24.81,38.00,18.00
2/15 19:48:15,24.81,38.00,18.00
2/15 19:48:17,24.81,38.00,18.00
2/15 19:48:18,25.14,38.00,18.00
2/15 19:48:19,24.49,38.00,18.00
2/15 19:48:20,25.14,38.00,18.00
2/15 19:48:21,24.17,38.00,18.00
2/15 19:48:22,24.49,38.00,18.00
2/15 19:48:24,24.49,38.00,18.00
2/15 19:48:25,24.17,38.00,18.00
2/15 19:48:26,24.81,38.00,18.00
2/15 19:48:27,24.17,38.00,18.00
2/15 19:48:28,24.81,38.00,18.00
2/15 19:48:29,24.49,38.00,18.00
2/15 19:48:30,24.49,38.00,18.00
2/15 19:48:31,24.81,38.00,18.00
2/15 19:48:32,24.17,38.00,18.00
2/15 19:48:33,25.14,38.00,18.00
2/15 19:48:34,24.17,38.00,18.00
2/15 19:48:36,25.14,38.00,18.00
2/15 19:48:37,24.49,38.00,18.00
2/15 19:48:38,24.49,38.00,18.00
2/15 19:48:39,24.49,38.00,18.00
2/15 19:48:40,24.49,38.00,18.00
2/15 19:48:41,24.49,38.00,18.00
2/15 19:48:43,24.17,38.00,18.00
2/15 19:48:44,23.20,38.00,18.00
2/15 19:48:45,24.49,38.00,18.00
2/15 19:48:46,24.49,38.00,18.00
2/15 19:48:47,24.49,38.00,18.00
2/15 19:48:48,24.49,38.00,18.00
2/15 19:48:50,23.85,38.00,18.00
2/15 19:48:51,23.85,38.00,18.00
2/15 19:48:52,24.81,38.00,18.00
2/15 19:48:53,24.49,38.00,18.00
2/15 19:48:54,24.81,38.00,18.00
2/15 19:48:56,24.81,38.00,18.00
2/15 19:48:57,24.81,38.00,18.00
2/15 19:48:58,24.49,38.00,18.00
2/15 19:48:59,24.49,38.00,18.00
2/15 19:49:0,24.49,38.00,18.00
2/15 19:49:2,24.17,38.00,18.00
2/15 19:49:3,23.53,38.00,18.00
2/15 19:49:4,24.81,38.00,18.00
2/15 19:49:5,24.17,38.00,18.00
2/15 19:49:6,24.49,38.00,18.00
2/15 19:49:7,24.49,38.00,18.00
2/15 19:49:9,24.49,38.00,18.00
2/15 19:49:10,24.49,38.00,18.00
2/15 19:49:11,24.81,38.00,18.00
2/15 19:49:12,24.49,38.00,18.00
2/15 19:49:13,25.14,38.00,18.00
2/15 19:49:14,24.49,38.00,18.00
2/15 19:49:16,24.49,38.00,18.00
2/15 19:49:17,24.17,38.00,18.00
2/15 19:49:18,24.17,38.00,18.00
2/15 19:49:19,24.17,38.00,18.00
2/15 19:49:20,23.85,38.00,18.00
2/15 19:49:21,23.85,38.00,18.00
2/15 19:49:22,24.81,38.00,18.00
2/15 19:49:23,24.81,38.00,18.00
2/15 19:49:24,24.17,38.00,18.00
2/15 19:49:25,25.14,38.00,18.00
2/15 19:49:26,24.17,38.00,18.00
2/15 19:49:28,24.81,38.00,18.00
2/15 19:49:29,24.49,38.00,18.00
2/15 19:49:30,25.14,38.00,18.00
2/15 19:49:31,24.49,38.00,18.00
2/15 19:49:32,24.81,38.00,18.00
2/15 19:49:33,24.49,38.00,18.00
2/15 19:49:35,25.14,38.00,18.00
2/15 19:49:36,24.81,38.00,18.00
2/15 19:49:37,24.81,38.00,18.00
2/15 19:49:38,24.49,38.00,18.00
2/15 19:49:39,24.81,38.00,18.00
2/15 19:49:40,23.85,38.00,18.00
2/15 19:49:42,24.49,38.00,18.00
2/15 19:49:43,23.53,38.00,18.00
2/15 19:49:44,24.81,38.00,18.00
2/15 19:49:45,24.49,38.00,18.00
2/15 19:49:47,24.49,38.00,18.00
2/15 19:49:48,24.17,38.00,18.00
2/15 19:49:49,24.81,38.00,18.00
2/15 19:49:50,24.81,38.00,18.00
2/15 19:49:51,24.49,38.00,18.00
2/15 19:49:52,25.14,38.00,18.00
2/15 19:49:54,25.14,38.00,18.00
2/15 19:49:55,24.49,38.00,18.00
2/15 19:49:56,24.49,38.00,18.00
2/15 19:49:57,24.49,38.00,18.00
2/15 19:49:58,23.85,38.00,18.00
2/15 19:49:59,24.17,38.00,18.00
2/15 19:50:1,24.17,38.00,18.00
2/15 19:50:2,24.17,38.00,18.00
2/15 19:50:3,24.81,38.00,18.00
2/15 19:50:4,24.49,38.00,18.00
2/15 19:50:5,24.49,38.00,18.00
2/15 19:50:6,24.49,38.00,18.00
2/15 19:50:7,23.85,38.00,18.00
2/15 19:50:8,24.49,38.00,18.00
2/15 19:50:9,25.46,38.00,18.00
2/15 19:50:10,24.49,38.00,18.00
2/15 19:50:11,24.81,38.00,18.00
2/15 19:50:13,25.14,38.00,18.00
2/15 19:50:14,24.81,38.00,18.00
2/15 19:50:15,25.14,38.00,18.00
2/15 19:50:16,24.49,38.00,18.00
2/15 19:50:17,24.17,38.00,18.00
2/15 19:50:18,23.85,38.00,18.00
2/15 19:50:20,24.49,38.00,18.00
2/15 19:50:21,24.49,38.00,18.00
2/15 19:50:22,24.49,38.00,18.00
2/15 19:50:23,24.49,38.00,18.00
2/15 19:50:24,24.49,38.00,18.00
2/15 19:50:25,24.49,38.00,18.00
2/15 19:50:26,24.49,38.00,18.00
2/15 19:50:27,24.17,38.00,18.00
2/15 19:50:28,24.17,38.00,18.00
2/15 19:50:29,24.49,38.00,18.00
2/15 19:50:30,24.81,38.00,18.00
2/15 19:50:32,24.49,38.00,18.00
2/15 19:50:33,24.81,38.00,18.00
2/15 19:50:34,24.81,38.00,18.00
2/15 19:50:35,24.49,38.00,18.00
2/15 19:50:36,23.85,38.00,18.00
2/15 19:50:37,23.20,38.00,18.00
2/15 19:50:39,23.85,38.00,18.00
2/15 19:50:40,24.17,38.00,18.00
2/15 19:50:41,24.81,38.00,18.00
2/15 19:50:42,24.81,38.00,18.00
2/15 19:50:43,24.81,38.00,18.00
2/15 19:50:44,25.14,38.00,18.00
2/15 19:50:45,25.14,38.00,18.00
2/15 19:50:46,24.17,38.00,18.00
2/15 19:50:47,24.17,38.00,18.00
2/15 19:50:48,24.81,38.00,18.00
2/15 19:50:49,24.49,38.00,18.00
2/15 19:50:51,24.17,38.00,18.00
2/15 19:50:52,24.49,38.00,18.00
2/15 19:50:53,24.81,38.00,18.00
2/15 19:50:54,24.49,38.00,18.00
2/15 19:50:55,24.49,38.00,18.00
2/15 19:50:56,24.49,38.00,18.00
2/15 19:50:58,24.81,38.00,18.00
2/15 19:50:59,24.81,38.00,18.00
2/15 19:51:0,25.46,38.00,18.00
2/15 19:51:1,24.49,38.00,18.00
2/15 19:51:2,24.17,38.00,18.00
2/15 19:51:3,24.17,38.00,18.00
2/15 19:51:5,24.49,38.00,18.00
2/15 19:51:6,24.17,38.00,18.00
2/15 19:51:7,23.85,38.00,18.00
2/15 19:51:8,24.17,38.00,18.00
2/15 19:51:10,24.81,38.00,18.00
2/15 19:51:11,24.17,38.00,18.00
2/15 19:51:12,24.81,38.00,18.00
2/15 19:51:13,24.81,38.00,18.00
2/15 19:51:14,23.85,38.00,18.00
2/15 19:51:15,23.85,38.00,18.00
2/15 19:51:17,25.14,38.00,18.00
2/15 19:51:18,25.14,38.00,18.00
2/15 19:51:19,24.49,38.00,18.00
2/15 19:51:20,24.49,38.00,18.00
2/15 19:51:21,24.17,38.00,18.00
2/15 19:51:22,24.49,38.00,18.00
2/15 19:51:24,24.49,38.00,18.00
2/15 19:51:25,24.81,38.00,18.00
2/15 19:51:26,24.49,38.00,18.00
2/15 19:51:27,24.49,38.00,18.00
2/15 19:51:28,24.49,38.00,18.00
2/15 19:51:30,24.49,38.00,18.00
2/15 19:51:31,24.49,38.00,18.00
2/15 19:51:32,24.49,38.00,18.00
2/15 19:51:33,24.49,38.00,18.00
2/15 19:51:34,24.17,38.00,18.00
2/15 19:51:36,25.46,38.00,18.00
2/15 19:51:37,25.46,38.00,18.00
2/15 19:51:38,24.17,38.00,18.00
2/15 19:51:39,24.81,38.00,18.00
2/15 19:51:40,23.85,38.00,18.00
2/15 19:51:41,23.20,38.00,18.00
2/15 19:51:43,25.14,38.00,18.00
2/15 19:51:45,25.14,38.00,18.00
2/15 19:51:46,24.81,38.00,18.00
2/15 19:51:47,23.85,38.00,18.00
2/15 19:51:48,24.81,38.00,18.00
2/15 19:51:49,24.81,38.00,18.00
2/15 19:51:51,24.81,38.00,18.00
2/15 19:51:52,24.49,38.00,18.00
2/15 19:51:53,24.49,38.00,18.00
2/15 19:51:54,24.81,38.00,18.00
2/15 19:51:56,24.81,38.00,18.00
2/15 19:51:57,24.49,38.00,18.00
2/15 19:51:58,24.49,38.00,18.00
2/15 19:51:59,24.17,38.00,18.00
2/15 19:52:0,23.53,38.00,18.00
2/15 19:52:1,24.49,38.00,18.00
2/15 19:52:3,24.81,38.00,18.00
2/15 19:52:4,24.81,38.00,18.00
2/15 19:52:5,24.81,38.00,18.00
2/15 19:52:6,25.14,38.00,18.00
2/15 19:52:7,24.49,38.00,18.00
2/15 19:52:8,24.49,38.00,18.00
2/15 19:52:10,24.49,38.00,18.00
2/15 19:52:11,24.49,38.00,18.00
2/15 19:52:12,24.81,38.00,18.00
2/15 19:52:13,23.85,38.00,18.00
2/15 19:52:14,24.49,38.00,18.00
2/15 19:52:15,25.14,38.00,18.00
2/15 19:52:16,25.14,38.00,18.00
2/15 19:52:17,24.49,38.00,18.00
2/15 19:52:18,24.81,38.00,18.00
2/15 19:52:19,23.85,38.00,18.00
2/15 19:52:20,23.85,38.00,18.00
2/15 19:52:22,24.49,38.00,18.00
2/15 19:52:23,25.14,38.00,18.00
2/15 19:52:24,24.81,38.00,18.00
2/15 19:52:25,24.17,38.00,18.00
2/15 19:52:26,24.17,38.00,18.00
2/15 19:52:27,24.81,38.00,18.00
2/15 19:52:29,25.14,38.00,18.00
2/15 19:52:30,24.49,38.00,18.00
2/15 19:52:31,25.14,38.00,18.00
2/15 19:52:32,24.17,38.00,18.00
2/15 19:52:33,24.17,38.00,18.00
2/15 19:52:34,24.17,38.00,18.00
2/15 19:52:36,24.49,38.00,18.00
2/15 19:52:37,24.17,38.00,18.00
2/15 19:52:38,23.85,38.00,18.00
2/15 19:52:39,24.17,38.00,18.00
2/15 19:52:40,24.17,38.00,18.00
2/15 19:52:42,23.85,38.00,18.00
2/15 19:52:43,24.49,38.00,18.00
2/15 19:52:44,24.17,38.00,18.00
2/15 19:52:45,25.14,38.00,18.00
2/15 19:52:46,24.17,38.00,18.00
2/15 19:52:48,24.49,38.00,18.00
2/15 19:52:49,24.81,38.00,18.00
2/15 19:52:50,24.81,38.00,18.00
2/15 19:52:51,24.49,38.00,18.00
2/15 19:52:52,24.49,38.00,18.00
2/15 19:52:53,24.49,38.00,18.00
2/15 19:52:55,24.49,38.00,18.00
2/15 19:52:56,24.81,38.00,18.00
2/15 19:52:57,23.85,38.00,18.00
2/15 19:52:58,23.53,38.00,18.00
2/15 19:52:59,25.14,38.00,18.00
2/15 19:53:0,24.81,38.00,18.00
2/15 19:53:2,24.81,38.00,18.00
2/15 19:53:3,24.81,38.00,18.00
2/15 19:53:4,24.81,38.00,18.00
2/15 19:53:5,24.81,38.00,18.00
2/15 19:53:7,24.81,38.00,18.00
2/15 19:53:8,24.81,38.00,18.00
2/15 19:53:9,24.81,38.00,18.00
2/15 19:53:10,24.49,38.00,18.00
2/15 19:53:11,24.49,38.00,18.00
2/15 19:53:12,24.49,38.00,18.00
2/15 19:53:14,25.14,38.00,18.00
2/15 19:53:15,24.81,38.00,18.00
2/15 19:53:16,24.17,38.00,18.00
2/15 19:53:17,23.53,38.00,18.00
2/15 19:53:18,24.81,38.00,18.00
2/15 19:53:19,24.81,38.00,18.00
2/15 19:53:21,24.49,38.00,18.00
2/15 19:53:22,24.81,38.00,18.00
2/15 19:53:23,24.81,38.00,18.00
2/15 19:53:24,24.81,38.00,18.00
2/15 19:53:25,25.46,38.00,18.00
2/15 19:53:27,24.81,38.00,18.00
2/15 19:53:28,24.49,38.00,18.00
2/15 19:53:29,24.49,38.00,18.00
2/15 19:53:30,24.17,38.00,18.00
2/15 19:53:31,24.17,38.00,18.00
2/15 19:53:33,24.81,38.00,18.00
2/15 19:53:34,24.81,38.00,18.00
2/15 19:53:35,24.49,38.00,18.00
2/15 19:53:36,23.53,38.00,18.00
2/15 19:53:37,24.49,38.00,18.00
2/15 19:53:38,24.81,38.00,18.00
2/15 19:53:40,25.14,38.00,18.00
2/15 19:53:41,25.14,38.00,18.00
2/15 19:53:42,24.81,38.00,18.00
2/15 19:53:43,24.49,38.00,18.00
2/15 19:53:44,24.49,38.00,18.00
2/15 19:53:45,24.49,38.00,18.00
2/15 19:53:47,24.49,38.00,18.00
2/15 19:53:48,25.14,38.00,18.00
2/15 19:53:49,24.81,38.00,18.00
2/15 19:53:50,24.81,38.00,18.00
2/15 19:53:51,24.81,38.00,18.00
2/15 19:53:52,24.81,38.00,18.00
2/15 19:53:53,24.49,38.00,18.00
2/15 19:53:54,24.49,38.00,18.00
2/15 19:53:55,23.53,38.00,18.00
2/15 19:53:56,24.81,38.00,18.00
2/15 19:53:57,24.49,38.00,18.00
2/15 19:53:59,24.17,38.00,18.00
2/15 19:54:0,24.17,38.00,18.00
2/15 19:54:1,24.81,38.00,18.00
2/15 19:54:2,24.17,38.00,18.00
2/15 19:54:3,24.81,38.00,18.00
2/15 19:54:4,24.49,38.00,18.00
2/15 19:54:6,24.49,38.00,18.00
2/15 19:54:7,24.49,38.00,18.00
2/15 19:54:8,24.49,38.00,18.00
2/15 19:54:9,24.17,38.00,18.00
2/15 19:54:10,24.49,38.00,18.00
2/15 19:54:12,24.17,38.00,18.00
2/15 19:54:13,24.49,38.00,18.00
2/15 19:54:14,25.14,38.00,18.00
2/15 19:54:15,24.17,38.00,18.00
2/15 19:54:16,24.49,38.00,18.00
2/15 19:54:18,24.49,38.00,18.00
2/15 19:54:19,24.81,38.00,18.00
2/15 19:54:20,24.81,38.00,18.00
2/15 19:54:21,24.17,38.00,18.00
2/15 19:54:22,25.46,38.00,18.00
2/15 19:54:23,24.49,38.00,18.00
2/15 19:54:25,24.49,38.00,18.00
2/15 19:54:26,24.49,38.00,18.00
2/15 19:54:27,24.81,38.00,18.00
2/15 19:54:28,24.81,38.00,18.00
2/15 19:54:29,24.49,38.00,18.00
2/15 19:54:30,24.17,38.00,18.00
2/15 19:54:31,24.17,38.00,18.00
2/15 19:54:32,23.85,38.00,18.00
2/15 19:54:33,23.85,38.00,18.00
2/15 19:54:34,24.81,38.00,18.00
2/15 19:54:35,25.14,38.00,18.00
2/15 19:54:37,24.49,38.00,18.00
2/15 19:54:38,23.85,38.00,18.00
2/15 19:54:39,24.49,38.00,18.00
2/15 19:54:40,24.17,38.00,18.00
2/15 19:54:41,25.14,38.00,18.00
2/15 19:54:42,24.49,38.00,18.00
2/15 19:54:44,24.81,38.00,18.00
2/15 19:54:45,24.17,38.00,18.00
2/15 19:54:46,24.49,38.00,18.00
2/15 19:54:47,25.14,38.00,18.00
2/15 19:54:48,24.81,38.00,18.00
2/15 19:54:49,24.81,38.00,18.00
2/15 19:54:51,24.17,38.00,18.00
2/15 19:54:52,23.85,38.00,18.00
2/15 19:54:53,24.81,38.00,18.00
2/15 19:54:54,23.53,38.00,18.00
2/15 19:54:55,24.81,38.00,18.00
2/15 19:54:56,24.81,38.00,18.00
2/15 19:54:57,24.81,38.00,18.00
2/15 19:54:58,25.14,38.00,18.00
2/15 19:54:59,24.49,38.00,18.00
2/15 19:55:0,24.81,38.00,18.00
2/15 19:55:1,24.49,38.00,18.00
2/15 19:55:3,24.17,38.00,18.00
2/15 19:55:4,24.81,38.00,18.00
2/15 19:55:5,24.49,38.00,18.00
2/15 19:55:6,24.81,38.00,18.00
2/15 19:55:7,24.81,38.00,18.00
2/15 19:55:8,24.17,38.00,18.00
2/15 19:55:10,24.49,38.00,18.00
2/15 19:55:11,23.85,38.00,18.00
2/15 19:55:12,25.14,38.00,18.00
2/15 19:55:13,24.81,38.00,18.00
2/15 19:55:14,25.14,38.00,18.00
2/15 19:55:16,24.17,38.00,18.00
2/15 19:55:17,24.49,38.00,18.00
2/15 19:55:18,24.81,38.00,18.00
2/15 19:55:19,24.81,38.00,18.00
2/15 19:55:20,25.14,38.00,18.00
2/15 19:55:22,24.17,38.00,18.00
2/15 19:55:23,25.14,38.00,18.00
2/15 19:55:24,24.49,38.00,18.00
2/15 19:55:25,25.14,38.00,18.00
2/15 19:55:26,24.49,38.00,18.00
2/15 19:55:27,23.85,38.00,18.00
2/15 19:55:29,24.49,38.00,18.00
2/15 19:55:30,23.85,38.00,18.00
2/15 19:55:31,24.81,38.00,18.00
2/15 19:55:32,24.17,38.00,18.00
2/15 19:55:33,25.14,38.00,18.00
2/15 19:55:34,24.17,38.00,18.00
2/15 19:55:36,23.85,38.00,18.00
2/15 19:55:37,25.14,38.00,18.00
2/15 19:55:38,24.49,38.00,18.00
2/15 19:55:40,24.49,38.00,18.00
2/15 19:55:42,24.49,38.00,18.00
2/15 19:55:43,24.49,38.00,18.00
2/15 19:55:44,24.49,38.00,18.00
2/15 19:55:45,24.81,38.00,18.00
2/15 19:55:46,25.14,38.00,18.00
2/15 19:55:47,24.17,38.00,18.00
2/15 19:55:49,24.81,38.00,18.00
2/15 19:55:50,24.49,38.00,18.00
2/15 19:55:51,25.14,38.00,18.00
2/15 19:55:52,23.85,38.00,18.00
2/15 19:55:53,24.81,38.00,18.00
2/15 19:55:54,24.17,38.00,18.00
2/15 19:55:56,23.85,38.00,18.00
2/15 19:55:57,23.85,38.00,18.00
2/15 19:55:58,24.17,38.00,18.00
2/15 19:55:59,24.17,38.00,18.00
2/15 19:56:1,25.14,38.00,18.00
2/15 19:56:2,24.49,38.00,18.00
2/15 19:56:3,24.49,38.00,18.00
2/15 19:56:4,24.49,38.00,18.00
2/15 19:56:5,24.49,38.00,18.00
2/15 19:56:6,25.14,38.00,18.00
2/15 19:56:8,24.17,38.00,18.00
2/15 19:56:9,23.85,38.00,18.00
2/15 19:56:10,25.14,38.00,18.00
2/15 19:56:11,24.81,38.00,18.00
2/15 19:56:12,24.81,38.00,18.00
2/15 19:56:13,24.17,38.00,18.00
2/15 19:56:15,24.81,38.00,18.00
2/15 19:56:16,24.49,38.00,18.00
2/15 19:56:17,24.49,38.00,18.00
2/15 19:56:18,24.49,38.00,18.00
2/15 19:56:19,25.14,38.00,18.00
2/15 19:56:20,24.81,38.00,18.00
2/15 19:56:21,24.81,38.00,18.00
2/15 19:56:22,24.49,38.00,18.00
2/15 19:56:23,24.49,38.00,18.00
2/15 19:56:24,24.81,38.00,18.00
2/15 19:56:25,24.17,38.00,18.00
2/15 19:56:27,25.14,38.00,18.00
2/15 19:56:28,24.81,38.00,18.00
2/15 19:56:29,24.17,38.00,18.00
2/15 19:56:30,25.14,38.00,18.00
2/15 19:56:31,24.81,38.00,18.00
2/15 19:56:32,24.81,38.00,18.00
2/15 19:56:34,24.17,38.00,18.00
2/15 19:56:35,23.20,38.00,18.00
2/15 19:56:36,24.17,38.00,18.00
2/15 19:56:37,24.49,38.00,18.00
2/15 19:56:38,25.14,38.00,18.00
2/15 19:56:39,24.81,38.00,18.00
2/15 19:56:41,24.49,38.00,18.00
2/15 19:56:42,24.49,38.00,18.00
2/15 19:56:43,25.14,38.00,18.00
2/15 19:56:44,24.81,38.00,18.00
2/15 19:56:45,24.81,38.00,18.00
2/15 19:56:46,24.81,38.00,18.00
2/15 19:56:47,24.81,38.00,18.00
2/15 19:56:48,24.49,38.00,18.00
2/15 19:56:49,24.81,38.00,18.00
2/15 19:56:50,25.14,38.00,18.00
2/15 19:56:51,24.49,38.00,18.00
2/15 19:56:53,24.49,38.00,18.00
2/15 19:56:54,24.17,38.00,18.00
2/15 19:56:55,25.46,38.00,18.00
2/15 19:56:56,24.49,38.00,18.00
2/15 19:56:57,24.49,38.00,18.00
2/15 19:56:58,24.17,38.00,18.00
2/15 19:57:0,23.85,38.00,18.00
2/15 19:57:1,23.53,38.00,18.00
2/15 19:57:2,24.49,38.00,18.00
2/15 19:57:3,24.49,38.00,18.00
2/15 19:57:4,24.49,38.00,18.00
2/15 19:57:5,24.49,38.00,18.00
2/15 19:57:6,24.49,38.00,18.00
2/15 19:57:7,25.14,38.00,18.00
2/15 19:57:8,24.81,38.00,18.00
2/15 19:57:9,24.49,38.00,18.00
2/15 19:57:10,24.81,38.00,18.00
2/15 19:57:12,23.53,38.00,18.00
2/15 19:57:13,23.85,38.00,18.00
2/15 19:57:14,24.81,38.00,18.00
2/15 19:57:15,24.81,38.00,18.00
2/15 19:57:16,24.81,38.00,18.00
2/15 19:57:17,24.17,38.00,18.00
2/15 19:57:19,24.81,38.00,18.00
2/15 19:57:20,24.81,38.00,18.00
2/15 19:57:21,24.49,38.00,18.00
2/15 19:57:22,24.49,38.00,18.00
2/15 19:57:23,24.81,38.00,18.00
2/15 19:57:24,24.49,38.00,18.00
2/15 19:57:26,24.17,38.00,18.00
2/15 19:57:27,23.85,38.00,18.00
2/15 19:57:28,24.81,38.00,18.00
2/15 19:57:29,24.81,38.00,18.00
2/15 19:57:31,24.81,38.00,18.00
2/15 19:57:32,23.85,38.00,18.00
2/15 19:57:33,23.85,38.00,18.00
2/15 19:57:34,24.49,38.00,18.00
2/15 19:57:35,24.81,38.00,18.00
2/15 19:57:36,24.17,38.00,18.00
2/15 19:57:38,24.81,38.00,18.00
2/15 19:57:39,24.49,38.00,18.00
2/15 19:57:40,24.49,38.00,18.00
2/15 19:57:41,24.81,38.00,18.00
2/15 19:57:42,25.14,38.00,18.00
2/15 19:57:43,24.49,38.00,18.00
2/15 19:57:45,25.14,38.00,18.00
2/15 19:57:46,24.17,38.00,18.00
2/15 19:57:47,24.81,38.00,18.00
2/15 19:57:48,24.81,38.00,18.00
2/15 19:57:49,23.85,38.00,18.00
2/15 19:57:51,23.85,38.00,18.00
2/15 19:57:52,24.81,38.00,18.00
2/15 19:57:53,24.49,38.00,18.00
2/15 19:57:54,23.85,38.00,18.00
2/15 19:57:55,24.49,38.00,18.00
2/15 19:57:57,25.14,38.00,18.00
2/15 19:57:58,24.81,38.00,18.00
2/15 19:57:59,24.17,38.00,18.00
2/15 19:58:0,24.49,38.00,18.00
2/15 19:58:1,24.81,38.00,18.00
2/15 19:58:2,24.17,38.00,18.00
2/15 19:58:4,24.49,38.00,18.00
2/15 19:58:5,24.49,38.00,18.00
2/15 19:58:6,24.81,38.00,18.00
2/15 19:58:7,24.49,38.00,18.00
2/15 19:58:8,24.49,38.00,18.00
2/15 19:58:9,24.49,38.00,18.00
2/15 19:58:11,24.17,38.00,18.00
2/15 19:58:12,24.17,38.00,18.00
2/15 19:58:13,24.81,38.00,18.00
2/15 19:58:14,23.85,38.00,18.00
2/15 19:58:16,24.49,38.00,18.00
2/15 19:58:17,24.81,38.00,18.00
2/15 19:58:18,24.81,38.00,18.00
2/15 19:58:19,24.49,38.00,18.00
2/15 19:58:20,24.49,38.00,18.00
2/15 19:58:21,24.49,38.00,18.00
2/15 19:58:23,23.85,38.00,18.00
2/15 19:58:24,23.85,38.00,18.00
2/15 19:58:25,24.49,38.00,18.00
2/15 19:58:26,24.81,38.00,18.00
2/15 19:58:27,24.49,38.00,18.00
2/15 19:58:28,24.17,38.00,18.00
2/15 19:58:30,24.17,38.00,18.00
2/15 19:58:31,24.49,38.00,18.00
2/15 19:58:32,23.85,38.00,18.00
2/15 19:58:33,24.17,38.00,18.00
2/15 19:58:34,25.14,38.00,18.00
2/15 19:58:35,25.14,38.00,18.00
2/15 19:58:36,24.49,38.00,18.00
2/15 19:58:37,25.14,38.00,18.00
2/15 19:58:38,24.81,38.00,18.00
2/15 19:58:39,24.49,38.00,18.00
2/15 19:58:40,24.17,38.00,18.00
2/15 19:58:42,24.17,38.00,18.00
2/15 19:58:43,24.49,38.00,18.00
2/15 19:58:44,25.14,38.00,18.00
2/15 19:58:45,24.49,38.00,18.00
2/15 19:58:46,24.49,38.00,18.00
2/15 19:58:47,24.49,38.00,18.00
2/15 19:58:49,24.17,38.00,18.00
2/15 19:58:50,24.49,38.00,18.00
2/15 19:58:51,24.49,38.00,18.00
2/15 19:58:52,24.49,38.00,18.00
2/15 19:58:53,24.81,38.00,18.00
2/15 19:58:54,24.17,38.00,18.00
2/15 19:58:56,24.17,38.00,18.00
2/15 19:58:57,24.81,38.00,18.00
2/15 19:58:58,24.49,38.00,18.00
2/15 19:58:59,24.81,38.00,18.00
2/15 19:59:1,24.49,38.00,18.00
2/15 19:59:2,24.49,38.00,18.00
2/15 19:59:3,24.49,38.00,18.00
2/15 19:59:4,24.81,38.00,18.00
2/15 19:59:5,23.53,38.00,18.00
2/15 19:59:6,24.17,38.00,18.00
2/15 19:59:8,24.49,38.00,18.00
2/15 19:59:9,24.17,38.00,18.00
2/15 19:59:10,25.14,38.00,18.00
2/15 19:59:11,23.85,38.00,18.00
2/15 19:59:12,24.17,38.00,18.00
2/15 19:59:13,24.49,38.00,18.00
2/15 19:59:15,24.49,38.00,18.00
2/15 19:59:16,25.14,38.00,18.00
2/15 19:59:17,25.14,38.00,18.00
2/15 19:59:18,24.17,38.00,18.00
2/15 19:59:19,24.81,38.00,18.00
2/15 19:59:21,24.81,38.00,18.00
2/15 19:59:22,25.46,38.00,18.00
2/15 19:59:23,23.85,38.00,18.00
2/15 19:59:24,24.49,38.00,18.00
2/15 19:59:25,24.17,38.00,18.00
2/15 19:59:27,24.49,38.00,18.00
2/15 19:59:28,24.81,38.00,18.00
2/15 19:59:29,24.17,38.00,18.00
2/15 19:59:30,25.14,38.00,18.00
2/15 19:59:31,24.81,38.00,18.00
2/15 19:59:32,23.85,38.00,18.00
2/15 19:59:34,24.49,38.00,18.00
2/15 19:59:35,24.81,38.00,18.00
2/15 19:59:36,24.81,38.00,18.00
2/15 19:59:37,24.49,38.00,18.00
2/15 19:59:38,25.14,38.00,18.00
2/15 19:59:39,24.81,38.00,18.00
2/15 19:59:40,24.81,38.00,18.00
2/15 19:59:42,25.14,38.00,18.00
2/15 19:59:43,24.17,38.00,18.00
2/15 19:59:44,24.17,38.00,18.00
2/15 19:59:45,23.53,38.00,18.00
2/15 19:59:47,25.14,38.00,18.00
2/15 19:59:48,24.81,38.00,18.00
2/15 19:59:49,25.14,38.00,18.00
2/15 19:59:50,23.85,38.00,18.00
2/15 19:59:51,24.81,38.00,18.00
2/15 19:59:52,25.14,38.00,18.00
2/15 19:59:54,24.17,38.00,18.00
2/15 19:59:55,23.85,38.00,18.00
2/15 19:59:56,24.81,38.00,18.00
2/15 19:59:57,24.17,38.00,18.00
2/15 19:59:58,24.81,38.00,18.00
2/15 19:59:59,25.14,38.00,18.00
2/15 20:0:1,24.49,38.00,18.00
2/15 20:0:2,24.49,38.00,18.00
2/15 20:0:3,24.81,38.00,18.00
2/15 20:0:4,24.49,38.00,18.00
2/15 20:0:5,24.81,38.00,18.00
2/15 20:0:6,24.81,38.00,18.00
2/15 20:0:7,24.49,38.00,18.00
2/15 20:0:8,24.49,38.00,18.00
2/15 20:0:9,23.85,38.00,18.00
2/15 20:0:10,23.20,38.00,18.00
2/15 20:0:11,24.49,38.00,18.00
2/15 20:0:13,24.81,38.00,18.00
2/15 20:0:14,24.17,38.00,18.00
2/15 20:0:15,24.49,38.00,18.00
2/15 20:0:16,24.17,38.00,18.00
2/15 20:0:17,25.46,38.00,18.00
2/15 20:0:18,24.17,38.00,18.00
2/15 20:0:20,24.81,38.00,18.00
2/15 20:0:21,24.49,38.00,18.00
2/15 20:0:22,25.14,38.00,18.00
2/15 20:0:23,24.49,38.00,18.00
2/15 20:0:24,24.49,38.00,18.00
2/15 20:0:25,24.49,38.00,18.00
2/15 20:0:27,24.81,38.00,18.00
2/15 20:0:28,24.49,38.00,18.00
2/15 20:0:29,23.85,38.00,18.00
2/15 20:0:30,23.53,38.00,18.00
2/15 20:0:32,24.81,38.00,18.00
2/15 20:0:33,24.49,38.00,18.00
2/15 20:0:34,24.49,38.00,18.00
2/15 20:0:35,24.81,38.00,18.00
2/15 20:0:36,24.49,38.00,18.00
2/15 20:0:37,25.14,38.00,18.00
2/15 20:0:39,24.49,38.00,18.00
2/15 20:0:40,23.85,38.00,18.00
2/15 20:0:41,24.81,38.00,18.00
2/15 20:0:42,24.49,38.00,18.00
2/15 20:0:43,24.81,38.00,18.00
2/15 20:0:44,25.14,38.00,18.00
2/15 20:0:46,24.17,38.00,18.00
2/15 20:0:47,24.49,38.00,18.00
2/15 20:0:48,24.81,38.00,18.00
2/15 20:0:49,23.53,38.00,18.00
2/15 20:0:50,25.14,38.00,18.00
2/15 20:0:51,25.14,38.00,18.00
2/15 20:0:52,24.81,38.00,18.00
2/15 20:0:53,25.14,38.00,18.00
2/15 20:0:54,24.81,38.00,18.00
2/15 20:0:55,24.81,38.00,18.00
2/15 20:0:56,25.14,38.00,18.00
2/15 20:0:58,24.49,38.00,18.00
2/15 20:0:59,24.81,38.00,18.00
2/15 20:1:0,25.14,38.00,18.00
2/15 20:1:1,24.49,38.00,18.00
2/15 20:1:2,24.49,38.00,18.00
2/15 20:1:3,24.49,38.00,18.00
2/15 20:1:5,24.49,38.00,18.00
2/15 20:1:6,23.85,38.00,18.00
2/15 20:1:7,24.17,38.00,18.00
2/15 20:1:8,23.85,38.00,18.00
2/15 20:1:9,24.49,38.00,18.00
2/15 20:1:10,24.49,38.00,18.00
2/15 20:1:11,24.81,38.00,18.00
2/15 20:1:12,24.81,38.00,18.00
2/15 20:1:13,24.49,38.00,18.00
2/15 20:1:14,24.49,38.00,18.00
2/15 20:1:15,24.49,38.00,18.00
2/15 20:1:17,24.81,38.00,18.00
2/15 20:1:18,24.17,38.00,18.00
2/15 20:1:19,24.81,38.00,18.00
2/15 20:1:20,24.49,38.00,18.00
2/15 20:1:21,24.49,38.00,18.00
2/15 20:1:22,24.49,38.00,18.00
2/15 20:1:24,25.14,38.00,18.00
2/15 20:1:25,24.49,38.00,18.00
2/15 20:1:26,24.49,38.00,18.00
2/15 20:1:27,23.53,38.00,18.00
2/15 20:1:28,25.14,38.00,18.00
2/15 20:1:29,24.49,38.00,18.00
2/15 20:1:30,24.49,38.00,18.00
2/15 20:1:31,23.85,38.00,18.00
2/15 20:1:32,24.49,38.00,18.00
2/15 20:1:33,24.81,38.00,18.00
2/15 20:1:34,23.20,38.00,18.00
2/15 20:1:36,24.49,38.00,18.00
2/15 20:1:37,24.49,38.00,18.00
2/15 20:1:38,25.46,38.00,18.00
2/15 20:1:39,24.49,38.00,18.00
2/15 20:1:40,24.49,38.00,18.00
2/15 20:1:41,24.49,38.00,18.00
2/15 20:1:43,24.81,38.00,18.00
2/15 20:1:44,23.85,38.00,18.00
2/15 20:1:45,24.81,38.00,18.00
2/15 20:1:46,23.85,38.00,18.00
2/15 20:1:47,24.17,38.00,18.00
2/15 20:1:48,24.49,38.00,18.00
2/15 20:1:50,24.49,38.00,18.00
2/15 20:1:51,23.85,38.00,18.00
2/15 20:1:52,24.49,38.00,18.00
2/15 20:1:53,24.17,38.00,18.00
2/15 20:1:54,24.49,38.00,18.00
2/15 20:1:55,24.49,38.00,18.00
2/15 20:1:56,23.85,38.00,18.00
2/15 20:1:57,24.49,38.00,18.00
2/15 20:1:58,24.81,38.00,18.00
2/15 20:1:59,24.81,38.00,18.00
2/15 20:2:0,24.17,38.00,18.00
2/15 20:2:2,24.49,38.00,18.00
2/15 20:2:3,24.17,38.00,18.00
2/15 20:2:4,23.53,38.00,18.00
2/15 20:2:5,24.17,38.00,18.00
2/15 20:2:6,24.81,38.00,18.00
2/15 20:2:7,24.49,38.00,18.00
2/15 20:2:9,24.49,38.00,18.00
2/15 20:2:10,24.49,38.00,18.00
2/15 20:2:11,25.14,38.00,18.00
2/15 20:2:12,24.81,38.00,18.00
2/15 20:2:13,24.49,38.00,18.00
2/15 20:2:14,23.85,38.00,18.00
2/15 20:2:15,23.85,38.00,18.00
2/15 20:2:16,25.14,38.00,18.00
2/15 20:2:17,24.49,38.00,18.00
2/15 20:2:18,24.81,38.00,18.00
2/15 20:2:19,24.81,38.00,18.00
2/15 20:2:21,24.49,38.00,18.00
2/15 20:2:22,24.17,38.00,18.00
2/15 20:2:23,24.17,38.00,18.00
2/15 20:2:24,23.85,38.00,18.00
2/15 20:2:25,24.49,38.00,18.00
2/15 20:2:26,24.49,38.00,18.00
2/15 20:2:28,24.49,38.00,18.00
2/15 20:2:29,24.81,38.00,18.00
2/15 20:2:30,24.49,38.00,18.00
2/15 20:2:31,24.49,38.00,18.00
2/15 20:2:32,24.81,38.00,18.00
2/15 20:2:33,23.85,38.00,18.00
2/15 20:2:35,24.49,38.00,18.00
2/15 20:2:36,24.49,38.00,18.00
2/15 20:2:37,24.81,38.00,18.00
2/15 20:2:38,24.17,38.00,18.00
2/15 20:2:40,23.85,38.00,18.00
2/15 20:2:41,25.14,38.00,18.00
2/15 20:2:42,24.17,38.00,18.00
2/15 20:2:43,24.17,38.00,18.00
2/15 20:2:44,24.81,38.00,18.00
2/15 20:2:45,24.81,38.00,18.00
2/15 20:2:47,24.81,38.00,18.00
2/15 20:2:48,24.49,38.00,18.00
2/15 20:2:49,24.81,38.00,18.00
2/15 20:2:50,24.81,38.00,18.00
2/15 20:2:51,24.49,38.00,18.00
2/15 20:2:52,24.81,38.00,18.00
2/15 20:2:54,25.14,38.00,18.00
2/15 20:2:55,24.81,38.00,18.00
2/15 20:2:56,25.14,38.00,18.00
2/15 20:2:57,24.49,38.00,18.00
2/15 20:2:58,24.49,38.00,18.00
2/15 20:2:59,24.49,38.00,18.00
2/15 20:3:0,24.49,38.00,18.00
2/15 20:3:1,24.17,38.00,18.00
2/15 20:3:2,23.53,38.00,18.00
2/15 20:3:3,24.81,38.00,18.00
2/15 20:3:4,25.14,38.00,18.00
2/15 20:3:6,24.81,38.00,18.00
2/15 20:3:7,24.81,38.00,18.00
2/15 20:3:8,24.17,38.00,18.00
2/15 20:3:9,24.49,38.00,18.00
2/15 20:3:10,24.81,38.00,18.00
2/15 20:3:11,24.49,38.00,18.00
2/15 20:3:13,24.81,38.00,18.00
2/15 20:3:14,24.17,38.00,18.00
2/15 20:3:15,24.49,38.00,18.00
2/15 20:3:16,25.14,38.00,18.00
2/15 20:3:17,24.49,38.00,18.00
2/15 20:3:18,24.81,38.00,18.00
2/15 20:3:19,24.81,38.00,18.00
2/15 20:3:20,23.53,38.00,18.00
2/15 20:3:21,23.20,38.00,18.00
2/15 20:3:22,24.49,38.00,18.00
2/15 20:3:23,24.49,38.00,18.00
2/15 20:3:25,24.81,38.00,18.00
2/15 20:3:26,24.17,38.00,18.00
2/15 20:3:27,24.49,38.00,18.00
2/15 20:3:28,24.17,38.00,18.00
2/15 20:3:29,24.49,38.00,18.00
2/15 20:3:30,23.85,38.00,18.00
2/15 20:3:32,24.81,38.00,18.00
2/15 20:3:33,24.17,38.00,18.00
2/15 20:3:34,24.49,38.00,18.00
2/15 20:3:35,24.17,38.00,18.00
2/15 20:3:36,24.17,38.00,18.00
2/15 20:3:37,25.14,38.00,18.00
2/15 20:3:39,24.49,38.00,18.00
2/15 20:3:40,23.85,38.00,18.00
2/15 20:3:41,24.81,38.00,18.00
2/15 20:3:42,24.81,38.00,18.00
2/15 20:3:43,24.49,38.00,18.00
2/15 20:3:44,24.49,38.00,18.00
2/15 20:3:45,24.49,38.00,18.00
2/15 20:3:46,23.85,38.00,18.00
2/15 20:3:47,24.81,38.00,18.00
2/15 20:3:48,24.81,38.00,18.00
2/15 20:3:49,24.17,38.00,18.00
2/15 20:3:51,25.14,38.00,18.00
2/15 20:3:52,24.49,38.00,18.00
2/15 20:3:54,24.81,38.00,18.00
2/15 20:3:55,24.81,38.00,18.00
2/15 20:3:56,24.81,38.00,18.00
2/15 20:3:57,23.85,38.00,18.00
2/15 20:3:59,24.81,38.00,18.00
2/15 20:4:0,24.49,38.00,18.00
2/15 20:4:1,24.49,38.00,18.00
2/15 20:4:2,23.85,38.00,18.00
2/15 20:4:3,24.49,38.00,18.00
2/15 20:4:4,24.81,38.00,18.00
2/15 20:4:6,23.53,38.00,18.00
2/15 20:4:7,24.17,38.00,18.00
2/15 20:4:8,24.49,38.00,18.00
2/15 20:4:9,24.17,38.00,18.00
2/15 20:4:11,24.49,38.00,18.00
2/15 20:4:12,24.17,38.00,18.00
2/15 20:4:13,24.49,38.00,18.00
2/15 20:4:14,24.17,38.00,18.00
2/15 20:4:15,23.85,38.00,18.00
2/15 20:4:16,24.49,38.00,18.00
2/15 20:4:18,24.49,38.00,18.00
2/15 20:4:19,23.85,38.00,18.00
2/15 20:4:20,24.17,38.00,18.00
2/15 20:4:21,24.17,38.00,18.00
2/15 20:4:22,25.14,38.00,18.00
2/15 20:4:23,24.81,38.00,18.00
2/15 20:4:25,24.17,38.00,18.00
2/15 20:4:26,24.17,38.00,18.00
2/15 20:4:27,24.81,38.00,18.00
2/15 20:4:28,25.14,38.00,18.00
2/15 20:4:29,24.49,38.00,18.00
2/15 20:4:30,24.49,38.00,18.00
2/15 20:4:31,24.17,38.00,18.00
2/15 20:4:32,25.14,38.00,18.00
2/15 20:4:33,24.81,38.00,18.00
2/15 20:4:34,24.17,38.00,18.00
2/15 20:4:35,24.49,38.00,18.00
2/15 20:4:37,24.81,38.00,18.00
2/15 20:4:38,23.53,38.00,18.00
2/15 20:4:39,24.81,38.00,18.00
2/15 20:4:40,25.14,38.00,18.00
2/15 20:4:41,25.14,38.00,18.00
2/15 20:4:42,24.17,38.00,18.00
2/15 20:4:44,24.17,38.00,18.00
2/15 20:4:45,23.85,38.00,18.00
2/15 20:4:46,24.81,38.00,18.00
2/15 20:4:47,24.49,38.00,18.00
2/15 20:4:48,24.17,38.00,18.00
2/15 20:4:49,24.81,38.00,18.00
2/15 20:4:50,24.81,38.00,18.00
2/15 20:4:51,24.49,38.00,18.00
2/15 20:4:52,24.49,38.00,18.00
2/15 20:4:53,24.49,38.00,18.00
2/15 20:4:54,24.17,38.00,18.00
2/15 20:4:56,24.49,38.00,18.00
2/15 20:4:57,25.14,38.00,18.00
2/15 20:4:58,24.81,38.00,18.00
2/15 20:4:59,24.49,38.00,18.00
2/15 20:5:0,24.81,38.00,18.00
2/15 20:5:1,24.49,38.00,18.00
2/15 20:5:3,24.17,38.00,18.00
2/15 20:5:4,24.49,38.00,18.00
2/15 20:5:5,24.81,38.00,18.00
2/15 20:5:6,24.49,38.00,18.00
2/15 20:5:7,24.81,38.00,18.00
2/15 20:5:8,24.49,38.00,18.00
2/15 20:5:9,24.49,38.00,18.00
2/15 20:5:10,24.81,38.00,18.00
2/15 20:5:11,24.17,38.00,18.00
2/15 20:5:12,24.81,38.00,18.00
2/15 20:5:13,24.49,38.00,18.00
2/15 20:5:15,24.17,38.00,18.00
2/15 20:5:16,24.17,38.00,18.00
2/15 20:5:17,25.14,38.00,18.00
2/15 20:5:18,25.14,38.00,18.00
2/15 20:5:19,24.81,38.00,18.00
2/15 20:5:20,24.49,38.00,18.00
2/15 20:5:22,24.49,38.00,18.00
2/15 20:5:23,24.17,38.00,18.00
2/15 20:5:24,23.85,38.00,18.00
2/15 20:5:25,23.85,38.00,18.00
2/15 20:5:26,24.49,38.00,18.00
2/15 20:5:27,24.81,38.00,18.00
2/15 20:5:29,24.49,38.00,18.00
2/15 20:5:30,24.17,38.00,18.00
2/15 20:5:31,23.85,38.00,18.00
2/15 20:5:32,24.81,38.00,18.00
2/15 20:5:33,24.17,38.00,18.00
2/15 20:5:34,24.17,38.00,18.00
2/15 20:5:35,24.81,38.00,18.00
2/15 20:5:36,24.17,38.00,18.00
2/15 20:5:37,24.49,38.00,18.00
2/15 20:5:38,24.81,38.00,18.00
2/15 20:5:39,24.49,38.00,18.00
2/15 20:5:41,24.81,38.00,18.00
2/15 20:5:42,23.20,38.00,18.00
2/15 20:5:43,25.14,38.00,18.00
2/15 20:5:44,24.49,38.00,18.00
2/15 20:5:45,24.49,38.00,18.00
2/15 20:5:46,24.17,38.00,18.00
2/15 20:5:48,24.17,38.00,18.00
2/15 20:5:49,24.81,38.00,18.00
2/15 20:5:50,24.49,38.00,18.00
2/15 20:5:51,24.49,38.00,18.00
2/15 20:5:52,24.81,38.00,18.00
2/15 20:5:53,24.49,38.00,18.00
2/15 20:5:54,24.49,38.00,18.00
2/15 20:5:55,25.14,38.00,18.00
2/15 20:5:56,23.85,38.00,18.00
2/15 20:5:57,24.81,38.00,18.00
2/15 20:5:58,23.85,38.00,18.00
2/15 20:6:0,24.49,38.00,18.00
2/15 20:6:1,24.81,38.00,18.00
2/15 20:6:2,24.81,38.00,18.00
2/15 20:6:3,24.81,38.00,18.00
2/15 20:6:4,24.81,38.00,18.00
2/15 20:6:5,24.49,38.00,18.00
2/15 20:6:7,24.49,38.00,18.00
2/15 20:6:8,24.81,38.00,18.00
2/15 20:6:9,24.17,38.00,18.00
2/15 20:6:10,24.49,38.00,18.00
2/15 20:6:11,24.17,38.00,18.00
2/15 20:6:12,24.81,38.00,18.00
2/15 20:6:13,24.81,38.00,18.00
2/15 20:6:14,24.81,38.00,18.00
2/15 20:6:15,24.17,38.00,18.00
2/15 20:6:16,24.49,38.00,18.00
2/15 20:6:17,24.81,38.00,18.00
2/15 20:6:19,23.85,38.00,18.00
2/15 20:6:20,23.85,38.00,18.00
2/15 20:6:21,24.49,38.00,18.00
2/15 20:6:22,24.49,38.00,18.00
2/15 20:6:23,24.49,38.00,18.00
2/15 20:6:24,24.81,38.00,18.00
2/15 20:6:26,24.49,38.00,18.00
2/15 20:6:27,24.49,38.00,18.00
2/15 20:6:28,25.46,38.00,18.00
2/15 20:6:29,24.81,38.00,18.00
2/15 20:6:30,25.14,38.00,18.00
2/15 20:6:31,24.17,38.00,18.00
2/15 20:6:33,24.49,38.00,18.00
2/15 20:6:34,24.17,38.00,18.00
2/15 20:6:35,24.81,38.00,18.00
2/15 20:6:36,24.17,38.00,18.00
2/15 20:6:37,23.85,38.00,18.00
2/15 20:6:38,23.85,38.00,18.00
2/15 20:6:39,23.53,38.00,18.00
2/15 20:6:40,24.17,38.00,18.00
2/15 20:6:41,24.81,38.00,18.00
2/15 20:6:42,24.49,38.00,18.00
2/15 20:6:43,24.49,38.00,18.00
2/15 20:6:45,24.49,38.00,18.00
2/15 20:6:46,24.49,38.00,18.00
2/15 20:6:47,24.49,38.00,18.00
2/15 20:6:48,24.81,38.00,18.00
2/15 20:6:49,24.49,38.00,18.00
2/15 20:6:50,24.49,38.00,18.00
2/15 20:6:52,24.81,38.00,18.00
2/15 20:6:53,24.49,38.00,18.00
2/15 20:6:54,24.49,38.00,18.00
2/15 20:6:55,24.49,38.00,18.00
2/15 20:6:56,24.17,38.00,18.00
2/15 20:6:57,24.49,38.00,18.00
2/15 20:6:59,24.49,38.00,18.00
2/15 20:7:0,24.81,38.00,18.00
2/15 20:7:1,24.81,38.00,18.00
2/15 20:7:2,25.14,38.00,18.00
2/15 20:7:4,24.81,38.00,18.00
2/15 20:7:5,24.81,38.00,18.00
2/15 20:7:6,24.81,38.00,18.00
2/15 20:7:7,24.49,38.00,18.00
2/15 20:7:8,24.81,38.00,18.00
2/15 20:7:9,24.49,38.00,18.00
2/15 20:7:11,24.49,38.00,18.00
2/15 20:7:12,24.17,38.00,18.00
2/15 20:7:13,24.17,38.00,18.00
2/15 20:7:14,24.49,38.00,18.00
2/15 20:7:15,24.81,38.00,18.00
2/15 20:7:16,23.85,38.00,18.00
2/15 20:7:18,24.81,38.00,18.00
2/15 20:7:19,24.49,38.00,18.00
2/15 20:7:20,23.85,38.00,18.00
2/15 20:7:21,24.17,38.00,18.00
2/15 20:7:22,24.81,38.00,18.00
2/15 20:7:23,24.81,38.00,18.00
2/15 20:7:24,23.85,38.00,18.00
2/15 20:7:25,24.49,38.00,18.00
2/15 20:7:26,24.17,38.00,18.00
2/15 20:7:27,24.49,38.00,18.00
2/15 20:7:28,24.81,38.00,18.00
2/15 20:7:30,24.49,38.00,18.00
2/15 20:7:31,24.81,38.00,18.00
2/15 20:7:32,25.46,38.00,18.00
2/15 20:7:33,23.85,38.00,18.00
2/15 20:7:34,23.85,38.00,18.00
2/15 20:7:35,23.20,38.00,18.00
2/15 20:7:37,24.81,38.00,18.00
2/15 20:7:38,24.17,38.00,18.00
2/15 20:7:39,24.17,38.00,18.00
2/15 20:7:40,24.17,38.00,18.00
2/15 20:7:41,25.14,38.00,18.00
2/15 20:7:43,24.81,38.00,18.00
2/15 20:7:44,24.49,38.00,18.00
2/15 20:7:45,24.81,38.00,18.00
2/15 20:7:46,24.49,38.00,18.00
2/15 20:7:47,24.49,38.00,18.00
2/15 20:7:49,25.14,38.00,18.00
2/15 20:7:50,24.49,38.00,18.00
2/15 20:7:51,25.14,38.00,18.00
2/15 20:7:52,24.49,38.00,18.00
2/15 20:7:53,24.17,38.00,18.00
2/15 20:7:54,23.53,38.00,18.00
2/15 20:7:56,24.49,38.00,18.00
2/15 20:7:57,24.49,38.00,18.00
2/15 20:7:58,24.81,38.00,18.00
2/15 20:7:59,25.46,38.00,18.00
2/15 20:8:0,24.49,38.00,18.00
2/15 20:8:1,25.14,38.00,18.00
2/15 20:8:2,25.14,38.00,18.00
2/15 20:8:3,25.14,38.00,18.00
2/15 20:8:4,25.14,38.00,18.00
2/15 20:8:5,24.81,38.00,18.00
2/15 20:8:6,25.46,38.00,18.00
2/15 20:8:8,24.49,38.00,18.00
2/15 20:8:9,24.49,38.00,18.00
2/15 20:8:10,25.14,38.00,18.00
2/15 20:8:11,24.17,38.00,18.00
2/15 20:8:12,24.81,38.00,18.00
2/15 20:8:13,23.20,38.00,18.00
2/15 20:8:15,24.81,38.00,18.00
2/15 20:8:16,24.81,38.00,18.00
2/15 20:8:17,24.49,38.00,18.00
2/15 20:8:19,24.49,38.00,18.00
2/15 20:8:20,24.49,38.00,18.00
2/15 20:8:21,24.81,38.00,18.00
2/15 20:8:23,25.14,38.00,18.00
2/15 20:8:24,24.81,38.00,18.00
2/15 20:8:25,25.14,38.00,18.00
2/15 20:8:26,24.17,38.00,18.00
2/15 20:8:27,25.14,38.00,18.00
2/15 20:8:28,24.17,38.00,18.00
2/15 20:8:29,24.17,38.00,18.00
2/15 20:8:30,24.49,38.00,18.00
2/15 20:8:31,24.49,38.00,18.00
2/15 20:8:32,24.81,38.00,18.00
2/15 20:8:33,25.14,38.00,18.00
2/15 20:8:35,24.81,38.00,18.00
2/15 20:8:36,24.49,38.00,18.00
2/15 20:8:37,25.14,38.00,18.00
2/15 20:8:38,23.85,38.00,18.00
2/15 20:8:39,24.17,38.00,18.00
2/15 20:8:40,24.49,38.00,18.00
2/15 20:8:42,24.17,38.00,18.00
2/15 20:8:43,24.81,38.00,18.00
2/15 20:8:44,24.49,38.00,18.00
2/15 20:8:45,24.49,38.00,18.00
2/15 20:8:46,24.17,38.00,18.00
2/15 20:8:47,23.85,38.00,18.00
2/15 20:8:49,24.81,38.00,18.00
2/15 20:8:50,25.14,38.00,18.00
2/15 20:8:51,24.49,38.00,18.00
2/15 20:8:52,24.81,38.00,18.00
2/15 20:8:53,24.17,38.00,18.00
2/15 20:8:54,24.17,38.00,18.00
2/15 20:8:55,24.49,38.00,18.00
2/15 20:8:56,24.49,38.00,18.00
2/15 20:8:57,24.49,38.00,18.00
2/15 20:8:58,23.53,38.00,18.00
2/15 20:8:59,24.17,38.00,18.00
2/15 20:9:1,24.81,38.00,18.00
2/15 20:9:2,24.49,38.00,18.00
2/15 20:9:3,24.49,38.00,18.00
2/15 20:9:4,24.17,38.00,18.00
2/15 20:9:5,24.81,38.00,18.00
2/15 20:9:6,25.14,38.00,18.00
2/15 20:9:8,24.49,38.00,18.00
2/15 20:9:9,23.85,38.00,18.00
2/15 20:9:10,24.49,38.00,18.00
2/15 20:9:11,24.49,38.00,18.00
2/15 20:9:12,24.49,38.00,18.00
2/15 20:9:13,24.81,38.00,18.00
2/15 20:9:14,24.81,38.00,18.00
2/15 20:9:15,24.49,38.00,18.00
2/15 20:9:16,24.81,38.00,18.00
2/15 20:9:17,23.85,38.00,18.00
2/15 20:9:18,24.17,38.00,18.00
2/15 20:9:20,24.49,38.00,18.00
2/15 20:9:21,25.14,38.00,18.00
2/15 20:9:22,24.49,38.00,18.00
2/15 20:9:23,24.49,38.00,18.00
2/15 20:9:24,24.49,38.00,18.00
2/15 20:9:25,24.81,38.00,18.00
2/15 20:9:27,24.49,38.00,18.00
2/15 20:9:28,23.85,38.00,18.00
2/15 20:9:29,24.17,38.00,18.00
2/15 20:9:30,24.49,38.00,18.00
2/15 20:9:31,24.81,38.00,18.00
2/15 20:9:32,24.49,38.00,18.00
2/15 20:9:34,25.14,38.00,18.00
2/15 20:9:35,24.81,38.00,18.00
2/15 20:9:36,24.49,38.00,18.00
2/15 20:9:37,23.85,38.00,18.00
2/15 20:9:39,24.49,38.00,18.00
2/15 20:9:40,24.49,38.00,18.00
2/15 20:9:41,24.49,38.00,18.00
2/15 20:9:42,24.17,38.00,18.00
2/15 20:9:43,23.53,38.00,18.00
2/15 20:9:44,24.81,38.00,18.00
2/15 20:9:46,24.49,38.00,18.00
2/15 20:9:47,24.49,38.00,18.00
2/15 20:9:48,24.81,38.00,18.00
2/15 20:9:49,24.81,38.00,18.00
2/15 20:9:50,24.49,38.00,18.00
2/15 20:9:51,24.49,38.00,18.00
2/15 20:9:53,24.81,38.00,18.00
2/15 20:9:54,25.14,38.00,18.00
2/15 20:9:55,24.81,38.00,18.00
2/15 20:9:56,24.17,38.00,18.00
2/15 20:9:57,24.49,38.00,18.00
2/15 20:9:58,24.49,38.00,18.00
2/15 20:9:59,24.49,38.00,18.00
2/15 20:10:0,24.49,38.00,18.00
2/15 20:10:1,24.49,38.00,18.00
2/15 20:10:2,25.46,38.00,18.00
2/15 20:10:3,24.81,38.00,18.00
2/15 20:10:5,24.81,38.00,18.00
2/15 20:10:6,24.17,38.00,18.00
2/15 20:10:7,25.14,38.00,18.00
2/15 20:10:8,24.81,38.00,18.00
2/15 20:10:9,24.17,38.00,18.00
2/15 20:10:10,24.49,38.00,18.00
2/15 20:10:12,24.49,38.00,18.00
2/15 20:10:13,24.49,38.00,18.00
2/15 20:10:14,23.85,38.00,18.00
2/15 20:10:15,24.17,38.00,18.00
2/15 20:10:16,24.17,38.00,18.00
2/15 20:10:17,24.49,38.00,18.00
2/15 20:10:19,24.17,38.00,18.00
2/15 20:10:20,24.49,38.00,18.00
2/15 20:10:21,24.81,38.00,18.00
2/15 20:10:22,24.49,38.00,18.00
2/15 20:10:24,24.81,38.00,18.00
2/15 20:10:25,24.81,38.00,18.00
2/15 20:10:26,24.49,38.00,18.00
2/15 20:10:27,24.17,38.00,18.00
2/15 20:10:28,24.49,38.00,18.00
2/15 20:10:29,24.49,38.00,18.00
2/15 20:10:31,24.81,38.00,18.00
2/15 20:10:32,24.49,38.00,18.00
2/15 20:10:33,23.85,38.00,18.00
2/15 20:10:34,24.81,38.00,18.00
2/15 20:10:35,23.85,38.00,18.00
2/15 20:10:36,24.49,38.00,18.00
2/15 20:10:38,24.81,38.00,18.00
2/15 20:10:39,24.17,38.00,18.00
2/15 20:10:40,24.49,38.00,18.00
2/15 20:10:41,24.17,38.00,18.00
2/15 20:10:42,24.49,38.00,18.00
2/15 20:10:43,24.49,38.00,18.00
2/15 20:10:44,24.49,38.00,18.00
2/15 20:10:45,24.49,38.00,18.00
2/15 20:10:46,24.81,38.00,18.00
2/15 20:10:47,25.46,38.00,18.00
2/15 20:10:48,24.17,38.00,18.00
2/15 20:10:50,25.14,38.00,18.00
2/15 20:10:51,24.17,38.00,18.00
2/15 20:10:52,23.85,38.00,18.00
2/15 20:10:53,24.49,38.00,18.00
2/15 20:10:54,24.81,38.00,18.00
2/15 20:10:55,24.49,38.00,18.00
2/15 20:10:57,24.17,38.00,18.00
2/15 20:10:58,23.85,38.00,18.00
2/15 20:10:59,24.81,38.00,18.00
2/15 20:11:0,24.49,38.00,18.00
2/15 20:11:1,24.49,38.00,18.00
2/15 20:11:2,25.14,38.00,18.00
2/15 20:11:3,25.14,38.00,18.00
2/15 20:11:4,24.81,38.00,18.00
2/15 20:11:5,24.17,38.00,18.00
2/15 20:11:6,24.81,38.00,18.00
2/15 20:11:7,23.85,38.00,18.00
2/15 20:11:9,24.49,38.00,18.00
2/15 20:11:10,24.81,38.00,18.00
2/15 20:11:11,24.17,38.00,18.00
2/15 20:11:12,24.81,38.00,18.00
2/15 20:11:13,24.49,38.00,18.00
2/15 20:11:14,24.81,38.00,18.00
2/15 20:11:16,24.49,38.00,18.00
2/15 20:11:17,24.17,38.00,18.00
2/15 20:11:18,25.46,38.00,18.00
2/15 20:11:19,24.17,38.00,18.00
2/15 20:11:20,24.49,38.00,18.00
2/15 20:11:21,24.49,38.00,18.00
2/15 20:11:22,24.49,38.00,18.00
2/15 20:11:23,24.81,38.00,18.00
2/15 20:11:24,24.81,38.00,18.00
2/15 20:11:25,24.49,38.00,18.00
2/15 20:11:26,24.17,38.00,18.00
2/15 20:11:28,24.49,38.00,18.00
2/15 20:11:29,23.85,38.00,18.00
2/15 20:11:30,24.17,38.00,18.00
2/15 20:11:31,25.14,38.00,18.00
2/15 20:11:32,24.81,38.00,18.00
2/15 20:11:33,24.49,38.00,18.00
2/15 20:11:35,24.49,38.00,18.00
2/15 20:11:36,24.49,38.00,18.00
2/15 20:11:37,24.17,38.00,18.00
2/15 20:11:38,23.85,38.00,18.00
2/15 20:11:39,25.14,38.00,18.00
2/15 20:11:40,24.49,38.00,18.00
2/15 20:11:42,25.14,38.00,18.00
2/15 20:11:43,24.81,38.00,18.00
2/15 20:11:44,24.81,38.00,18.00
2/15 20:11:45,24.17,38.00,18.00
2/15 20:11:46,24.49,38.00,18.00
2/15 20:11:47,24.49,38.00,18.00
2/15 20:11:48,24.81,38.00,18.00
2/15 20:11:49,23.53,38.00,18.00
2/15 20:11:50,23.53,38.00,18.00
2/15 20:11:51,24.49,38.00,18.00
2/15 20:11:52,24.49,38.00,18.00
2/15 20:11:54,25.14,38.00,18.00
2/15 20:11:55,24.17,38.00,18.00
2/15 20:11:56,24.81,38.00,18.00
2/15 20:11:57,25.14,38.00,18.00
2/15 20:11:58,24.17,38.00,18.00
2/15 20:11:59,24.81,38.00,18.00
2/15 20:12:1,24.49,38.00,18.00
2/15 20:12:2,24.49,38.00,18.00
2/15 20:12:3,24.49,38.00,18.00
2/15 20:12:4,24.17,38.00,18.00
2/15 20:12:5,24.49,38.00,18.00
2/15 20:12:7,24.81,38.00,18.00
2/15 20:12:8,24.81,38.00,18.00
2/15 20:12:9,24.17,38.00,18.00
2/15 20:12:10,24.49,38.00,18.00
2/15 20:12:11,24.49,38.00,18.00
2/15 20:12:13,24.81,38.00,18.00
2/15 20:12:14,24.81,38.00,18.00
2/15 20:12:15,23.85,38.00,18.00
2/15 20:12:16,24.49,38.00,18.00
2/15 20:12:17,25.46,38.00,18.00
2/15 20:12:18,25.14,38.00,18.00
2/15 20:12:20,24.49,38.00,18.00
2/15 20:12:21,24.17,38.00,18.00
2/15 20:12:22,23.85,38.00,18.00
2/15 20:12:23,25.14,38.00,18.00
2/15 20:12:24,24.17,38.00,18.00
2/15 20:12:25,25.14,38.00,18.00
2/15 20:12:26,25.14,38.00,18.00
2/15 20:12:27,24.49,38.00,18.00
2/15 20:12:28,23.85,38.00,18.00
2/15 20:12:29,24.81,38.00,18.00
2/15 20:12:30,23.85,38.00,18.00
2/15 20:12:32,25.14,38.00,18.00
2/15 20:12:33,25.46,38.00,18.00
2/15 20:12:34,23.85,38.00,18.00
2/15 20:12:35,24.49,38.00,18.00
2/15 20:12:36,24.81,38.00,18.00
2/15 20:12:37,24.49,38.00,18.00
2/15 20:12:40,24.81,38.00,18.00
2/15 20:12:41,23.53,38.00,18.00
2/15 20:12:42,24.81,38.00,18.00
2/15 20:12:43,23.85,38.00,18.00
2/15 20:12:44,24.49,38.00,18.00
2/15 20:12:45,25.14,38.00,18.00
2/15 20:12:47,24.17,38.00,18.00
2/15 20:12:48,24.81,38.00,18.00
2/15 20:12:49,25.14,38.00,18.00
2/15 20:12:50,24.49,38.00,18.00
2/15 20:12:51,24.81,38.00,18.00
2/15 20:12:53,24.49,38.00,18.00
2/15 20:12:54,23.85,38.00,18.00
2/15 20:12:55,24.17,38.00,18.00
2/15 20:12:56,24.49,38.00,18.00
2/15 20:12:57,24.49,38.00,18.00
2/15 20:12:59,24.49,38.00,18.00
2/15 20:13:0,24.17,38.00,18.00
2/15 20:13:1,24.81,38.00,18.00
2/15 20:13:2,25.14,38.00,18.00
2/15 20:13:3,24.49,38.00,18.00
2/15 20:13:4,24.81,38.00,18.00
2/15 20:13:6,24.49,38.00,18.00
2/15 20:13:7,23.85,38.00,18.00
2/15 20:13:8,24.81,38.00,18.00
2/15 20:13:9,24.81,38.00,18.00
2/15 20:13:10,24.49,38.00,18.00
2/15 20:13:11,23.85,38.00,18.00
2/15 20:13:12,23.85,38.00,18.00
2/15 20:13:13,23.53,38.00,18.00
2/15 20:13:14,24.81,38.00,18.00
2/15 20:13:15,24.17,38.00,18.00
2/15 20:13:16,24.81,38.00,18.00
2/15 20:13:18,24.49,38.00,18.00
2/15 20:13:19,24.81,38.00,18.00
2/15 20:13:20,24.49,38.00,18.00
2/15 20:13:21,24.17,38.00,18.00
2/15 20:13:22,25.14,38.00,18.00
2/15 20:13:23,24.81,38.00,18.00
2/15 20:13:25,24.49,38.00,18.00
2/15 20:13:26,24.49,38.00,18.00
2/15 20:13:27,24.17,38.00,18.00
2/15 20:13:28,24.49,38.00,18.00
2/15 20:13:29,24.81,38.00,18.00
2/15 20:13:30,23.85,38.00,18.00
2/15 20:13:32,24.49,38.00,18.00
2/15 20:13:33,25.78,38.00,18.00
2/15 20:13:34,24.49,38.00,18.00
2/15 20:13:35,24.81,38.00,18.00
2/15 20:13:36,24.81,38.00,18.00
2/15 20:13:37,24.81,38.00,18.00
2/15 20:13:38,24.17,38.00,18.00
2/15 20:13:39,24.17,38.00,18.00
2/15 20:13:40,24.17,38.00,18.00
2/15 20:13:41,24.81,38.00,18.00
2/15 20:13:42,24.49,38.00,18.00
2/15 20:13:44,25.14,38.00,18.00
2/15 20:13:45,24.17,38.00,18.00
2/15 20:13:46,24.81,38.00,18.00
2/15 20:13:47,24.49,38.00,18.00
2/15 20:13:48,24.49,38.00,18.00
2/15 20:13:49,24.17,38.00,18.00
2/15 20:13:51,24.81,38.00,18.00
2/15 20:13:52,24.81,38.00,18.00
2/15 20:13:53,24.81,38.00,18.00
2/15 20:13:54,24.81,38.00,18.00
2/15 20:13:55,24.49,38.00,18.00
2/15 20:13:56,24.81,38.00,18.00
2/15 20:13:57,24.81,38.00,18.00
2/15 20:13:58,24.49,38.00,18.00
2/15 20:13:59,24.49,38.00,18.00
2/15 20:14:0,24.17,38.00,18.00
2/15 20:14:1,24.49,38.00,18.00
2/15 20:14:3,24.81,38.00,18.00
2/15 20:14:4,24.49,38.00,18.00
2/15 20:14:5,25.14,38.00,18.00
2/15 20:14:6,24.17,38.00,18.00
2/15 20:14:7,24.81,38.00,18.00
2/15 20:14:8,24.49,38.00,18.00
2/15 20:14:10,23.85,38.00,18.00
2/15 20:14:11,23.20,38.00,18.00
2/15 20:14:12,25.14,38.00,18.00
2/15 20:14:13,24.49,38.00,18.00
2/15 20:14:14,24.81,38.00,18.00
2/15 20:14:15,23.85,38.00,18.00
2/15 20:14:16,23.85,38.00,18.00
2/15 20:14:17,24.17,38.00,18.00
2/15 20:14:18,24.81,38.00,18.00
2/15 20:14:19,24.81,38.00,18.00
2/15 20:14:20,24.49,38.00,18.00
2/15 20:14:22,24.81,38.00,18.00
2/15 20:14:23,25.14,38.00,18.00
2/15 20:14:24,24.81,38.00,18.00
2/15 20:14:25,24.17,38.00,18.00
2/15 20:14:26,24.49,38.00,18.00
2/15 20:14:27,24.81,38.00,18.00
2/15 20:14:29,24.17,38.00,18.00
2/15 20:14:30,24.17,38.00,18.00
2/15 20:14:31,24.17,38.00,18.00
2/15 20:14:32,24.49,38.00,18.00
2/15 20:14:33,24.81,38.00,18.00
2/15 20:14:34,24.49,38.00,18.00
2/15 20:14:36,24.49,38.00,18.00
2/15 20:14:37,24.17,38.00,18.00
2/15 20:14:38,24.49,38.00,18.00
2/15 20:14:39,25.14,38.00,18.00
2/15 20:14:40,24.49,38.00,18.00
2/15 20:14:41,24.49,38.00,18.00
2/15 20:14:42,24.81,38.00,18.00
2/15 20:14:43,24.49,38.00,18.00
2/15 20:14:44,24.81,38.00,18.00
2/15 20:14:45,25.46,38.00,18.00
2/15 20:14:46,24.81,38.00,18.00
2/15 20:14:48,23.53,38.00,18.00
2/15 20:14:49,24.17,38.00,18.00
2/15 20:14:50,24.49,38.00,18.00
2/15 20:14:51,25.14,38.00,18.00
2/15 20:14:52,25.14,38.00,18.00
2/15 20:14:53,24.17,38.00,18.00
2/15 20:14:55,24.81,38.00,18.00
2/15 20:14:56,24.17,38.00,18.00
2/15 20:14:57,24.81,38.00,18.00
2/15 20:14:58,24.81,38.00,18.00
2/15 20:14:59,24.81,38.00,18.00
2/15 20:15:0,24.17,38.00,18.00
2/15 20:15:1,24.17,38.00,18.00
2/15 20:15:2,24.17,38.00,18.00
2/15 20:15:3,24.49,38.00,18.00
2/15 20:15:4,25.14,38.00,18.00
2/15 20:15:5,24.81,38.00,18.00
2/15 20:15:7,24.17,38.00,18.00
2/15 20:15:8,23.85,38.00,18.00
2/15 20:15:9,24.49,38.00,18.00
2/15 20:15:10,24.49,38.00,18.00
2/15 20:15:11,25.14,38.00,18.00
2/15 20:15:12,24.49,38.00,18.00
2/15 20:15:14,24.81,38.00,18.00
2/15 20:15:15,24.17,38.00,18.00
2/15 20:15:16,25.14,38.00,18.00
2/15 20:15:17,24.49,38.00,18.00
2/15 20:15:18,24.49,38.00,18.00
2/15 20:15:19,23.85,38.00,18.00
2/15 20:15:21,24.81,38.00,18.00
2/15 20:15:22,24.49,38.00,18.00
2/15 20:15:23,24.81,38.00,18.00
2/15 20:15:24,25.14,38.00,18.00
2/15 20:15:25,24.49,38.00,18.00
2/15 20:15:26,24.49,38.00,18.00
2/15 20:15:27,23.53,38.00,18.00
2/15 20:15:28,24.49,38.00,18.00
2/15 20:15:29,24.81,38.00,18.00
2/15 20:15:30,24.17,38.00,18.00
2/15 20:15:31,24.17,38.00,18.00
2/15 20:15:33,24.81,38.00,18.00
2/15 20:15:34,24.49,38.00,18.00
2/15 20:15:35,24.81,38.00,18.00
2/15 20:15:36,24.17,38.00,18.00
2/15 20:15:37,24.81,38.00,18.00
2/15 20:15:38,25.14,38.00,18.00
2/15 20:15:40,25.14,38.00,18.00
2/15 20:15:41,24.81,38.00,18.00
2/15 20:15:42,24.49,38.00,18.00
2/15 20:15:43,24.17,38.00,18.00
2/15 20:15:44,23.85,38.00,18.00
2/15 20:15:45,23.53,38.00,18.00
2/15 20:15:46,23.53,38.00,18.00
2/15 20:15:47,24.81,38.00,18.00
2/15 20:15:48,24.49,38.00,18.00
2/15 20:15:49,25.14,38.00,18.00
2/15 20:15:50,24.81,38.00,18.00
2/15 20:15:52,24.49,38.00,18.00
2/15 20:15:53,24.17,38.00,18.00
2/15 20:15:54,24.81,38.00,18.00
2/15 20:15:55,24.81,38.00,18.00
2/15 20:15:56,24.49,38.00,18.00
2/15 20:15:57,24.49,38.00,18.00
2/15 20:15:59,25.14,38.00,18.00
2/15 20:16:0,24.49,38.00,18.00
2/15 20:16:1,24.81,38.00,18.00
2/15 20:16:2,24.81,38.00,18.00
2/15 20:16:3,23.85,38.00,18.00
2/15 20:16:4,24.81,38.00,18.00
2/15 20:16:6,25.46,38.00,18.00
2/15 20:16:7,24.17,38.00,18.00
2/15 20:16:8,24.81,38.00,18.00
2/15 20:16:9,23.85,38.00,18.00
2/15 20:16:10,24.81,38.00,18.00
2/15 20:16:11,24.81,38.00,18.00
2/15 20:16:12,25.14,38.00,18.00
2/15 20:16:13,24.49,38.00,18.00
2/15 20:16:14,24.49,38.00,18.00
2/15 20:16:15,24.49,38.00,18.00
2/15 20:16:16,24.17,38.00,18.00
2/15 20:16:18,24.17,38.00,18.00
2/15 20:16:19,24.49,38.00,18.00
2/15 20:16:20,24.49,38.00,18.00
2/15 20:16:21,24.81,38.00,18.00
2/15 20:16:22,24.49,38.00,18.00
2/15 20:16:23,23.53,38.00,18.00
2/15 20:16:25,24.49,38.00,18.00
2/15 20:16:26,24.81,38.00,18.00
2/15 20:16:27,25.14,38.00,18.00
2/15 20:16:28,24.49,38.00,18.00
2/15 20:16:29,23.53,38.00,18.00
2/15 20:16:31,24.49,38.00,18.00
2/15 20:16:32,24.49,38.00,18.00
2/15 20:16:33,24.81,38.00,18.00
2/15 20:16:34,25.14,38.00,18.00
2/15 20:16:35,24.81,38.00,18.00
2/15 20:16:37,25.14,38.00,18.00
2/15 20:16:38,24.49,38.00,18.00
2/15 20:16:39,24.49,38.00,18.00
2/15 20:16:40,24.81,38.00,18.00
2/15 20:16:41,25.14,38.00,18.00
2/15 20:16:42,23.85,38.00,18.00
2/15 20:16:44,24.81,38.00,18.00
2/15 20:16:46,24.81,38.00,18.00
2/15 20:16:47,25.14,38.00,18.00
2/15 20:16:48,24.17,38.00,18.00
2/15 20:16:49,24.49,38.00,18.00
2/15 20:16:50,24.17,38.00,18.00
2/15 20:16:52,24.81,38.00,18.00
2/15 20:16:53,24.81,38.00,18.00
2/15 20:16:54,24.81,38.00,18.00
2/15 20:16:55,24.49,38.00,18.00
2/15 20:16:57,25.14,38.00,18.00
2/15 20:16:58,24.49,38.00,18.00
2/15 20:16:59,24.49,38.00,18.00
2/15 20:17:0,24.17,38.00,18.00
2/15 20:17:1,25.14,38.00,18.00
2/15 20:17:2,24.49,38.00,18.00
2/15 20:17:4,24.81,38.00,18.00
2/15 20:17:5,24.81,38.00,18.00
2/15 20:17:6,24.81,38.00,18.00
2/15 20:17:7,24.81,38.00,18.00
2/15 20:17:8,24.49,38.00,18.00
2/15 20:17:9,24.17,38.00,18.00
2/15 20:17:11,24.49,38.00,18.00
2/15 20:17:12,24.81,38.00,18.00
2/15 20:17:13,24.49,38.00,18.00
2/15 20:17:14,23.85,38.00,18.00
2/15 20:17:15,24.81,38.00,18.00
2/15 20:17:16,25.14,38.00,18.00
2/15 20:17:17,25.14,38.00,18.00
2/15 20:17:18,24.49,38.00,18.00
2/15 20:17:19,23.85,38.00,18.00
2/15 20:17:20,25.14,38.00,18.00
2/15 20:17:21,25.14,38.00,18.00
2/15 20:17:23,24.81,38.00,18.00
2/15 20:17:24,24.81,38.00,18.00
2/15 20:17:25,24.49,38.00,17.00
2/15 20:17:26,23.85,38.00,17.00
2/15 20:17:27,24.17,38.00,17.00
2/15 20:17:28,24.17,38.00,17.00
2/15 20:17:30,24.17,38.00,17.00
2/15 20:17:31,24.17,38.00,17.00
2/15 20:17:32,24.17,38.00,17.00
2/15 20:17:33,24.49,38.00,17.00
2/15 20:17:34,24.49,38.00,18.00
2/15 20:17:35,24.81,38.00,18.00
2/15 20:17:37,24.17,38.00,18.00
2/15 20:17:38,24.49,38.00,18.00
2/15 20:17:39,23.20,38.00,18.00
2/15 20:17:40,23.85,38.00,18.00
2/15 20:17:41,23.85,38.00,17.00
2/15 20:17:43,24.81,38.00,17.00
2/15 20:17:44,24.81,38.00,17.00
2/15 20:17:45,24.49,38.00,17.00
2/15 20:17:46,24.81,38.00,18.00
2/15 20:17:47,24.81,38.00,18.00
2/15 20:17:49,24.17,38.00,18.00
2/15 20:17:50,24.49,38.00,18.00
2/15 20:17:51,23.85,38.00,18.00
2/15 20:17:52,24.17,38.00,18.00
2/15 20:17:53,24.81,38.00,17.00
2/15 20:17:54,24.17,38.00,17.00
2/15 20:17:56,24.81,38.00,18.00
2/15 20:17:57,24.17,38.00,18.00
2/15 20:17:58,24.17,38.00,18.00
2/15 20:17:59,24.49,38.00,18.00
2/15 20:18:0,24.49,38.00,18.00
2/15 20:18:1,24.49,38.00,18.00
2/15 20:18:3,24.81,38.00,17.00
2/15 20:18:4,24.17,38.00,17.00
2/15 20:18:5,24.81,38.00,17.00
2/15 20:18:6,24.17,38.00,17.00
2/15 20:18:8,23.53,38.00,18.00
2/15 20:18:9,24.81,38.00,18.00
2/15 20:18:10,25.14,38.00,17.00
2/15 20:18:11,24.17,38.00,17.00
2/15 20:18:12,24.17,38.00,18.00
2/15 20:18:13,24.17,38.00,18.00
2/15 20:18:15,24.49,38.00,18.00
2/15 20:18:16,24.49,38.00,18.00
2/15 20:18:17,25.14,38.00,18.00
2/15 20:18:18,24.17,38.00,18.00
2/15 20:18:19,24.49,38.00,17.00
2/15 20:18:20,24.81,38.00,17.00
2/15 20:18:22,24.49,38.00,17.00
2/15 20:18:23,23.20,38.00,17.00
2/15 20:18:24,23.53,38.00,18.00
2/15 20:18:25,24.81,38.00,18.00
2/15 20:18:26,24.81,38.00,18.00
2/15 20:18:27,24.81,38.00,18.00
2/15 20:18:28,24.81,38.00,18.00
2/15 20:18:29,24.49,38.00,17.00
2/15 20:18:30,23.85,38.00,17.00
2/15 20:18:31,25.46,38.00,17.00
2/15 20:18:32,25.14,38.00,17.00
2/15 20:18:34,25.14,38.00,18.00
2/15 20:18:35,24.49,38.00,18.00
2/15 20:18:36,24.81,38.00,17.00
2/15 20:18:37,24.17,38.00,17.00
2/15 20:18:38,24.17,38.00,17.00
2/15 20:18:39,24.17,38.00,17.00
2/15 20:18:41,24.17,38.00,17.00
2/15 20:18:42,24.81,38.00,17.00
2/15 20:18:43,24.17,38.00,18.00
2/15 20:18:44,24.81,38.00,18.00
2/15 20:18:45,23.85,38.00,17.00
2/15 20:18:46,24.49,38.00,17.00
2/15 20:18:47,24.49,38.00,17.00
2/15 20:18:48,24.17,38.00,17.00
2/15 20:18:49,24.49,38.00,17.00
2/15 20:18:50,25.14,38.00,18.00
2/15 20:18:51,24.81,38.00,18.00
2/15 20:18:53,24.49,38.00,18.00
2/15 20:18:54,23.85,38.00,18.00
2/15 20:18:55,24.49,38.00,18.00
2/15 20:18:56,24.49,38.00,18.00
2/15 20:18:57,24.81,38.00,18.00
2/15 20:18:58,24.49,38.00,18.00
2/15 20:19:0,25.14,38.00,17.00
2/15 20:19:1,24.49,38.00,17.00
2/15 20:19:2,23.53,38.00,17.00
2/15 20:19:3,25.14,38.00,17.00
2/15 20:19:4,23.85,38.00,17.00
2/15 20:19:5,23.53,38.00,17.00
2/15 20:19:7,24.81,38.00,17.00
2/15 20:19:8,24.17,38.00,17.00
2/15 20:19:9,23.85,38.00,18.00
2/15 20:19:10,24.17,38.00,18.00
2/15 20:19:11,24.49,38.00,18.00
2/15 20:19:12,24.49,38.00,18.00
2/15 20:19:13,24.49,38.00,18.00
2/15 20:19:14,23.85,38.00,18.00
2/15 20:19:15,24.81,38.00,18.00
2/15 20:19:16,23.85,38.00,18.00
2/15 20:19:17,24.81,38.00,18.00
2/15 20:19:19,24.81,38.00,17.00
2/15 20:19:20,24.81,38.00,17.00
2/15 20:19:21,25.14,38.00,18.00
2/15 20:19:22,24.17,38.00,18.00
2/15 20:19:23,23.53,38.00,18.00
2/15 20:19:24,23.85,38.00,18.00
2/15 20:19:26,24.49,38.00,18.00
2/15 20:19:27,24.81,38.00,18.00
2/15 20:19:28,24.81,38.00,18.00
2/15 20:19:29,24.49,38.00,18.00
2/15 20:19:30,24.81,38.00,18.00
2/15 20:19:31,24.81,38.00,18.00
2/15 20:19:32,24.49,38.00,18.00
2/15 20:19:33,25.14,38.00,17.00
2/15 20:19:34,24.49,38.00,17.00
2/15 20:19:35,24.49,38.00,18.00
2/15 20:19:36,24.81,38.00,18.00
2/15 20:19:38,25.14,38.00,18.00
2/15 20:19:39,24.17,38.00,18.00
2/15 20:19:40,24.49,38.00,18.00
2/15 20:19:41,24.81,38.00,18.00
2/15 20:19:42,24.49,38.00,18.00
2/15 20:19:43,23.53,38.00,18.00
2/15 20:19:45,24.81,38.00,17.00
2/15 20:19:46,24.17,38.00,17.00
2/15 20:19:47,25.46,38.00,18.00
2/15 20:19:48,24.17,38.00,18.00
2/15 20:19:49,24.49,38.00,18.00
2/15 20:19:50,24.81,38.00,18.00
2/15 20:19:51,24.81,38.00,18.00
2/15 20:19:52,24.81,38.00,18.00
2/15 20:19:53,24.49,38.00,18.00
2/15 20:19:54,24.81,38.00,18.00
2/15 20:19:55,25.14,38.00,18.00
2/15 20:19:57,24.49,38.00,18.00
2/15 20:19:58,24.17,38.00,18.00
2/15 20:19:59,25.14,38.00,18.00
2/15 20:20:0,24.49,38.00,18.00
2/15 20:20:1,24.17,38.00,18.00
2/15 20:20:2,23.53,38.00,18.00
2/15 20:20:4,24.81,38.00,18.00
2/15 20:20:5,24.81,38.00,18.00
2/15 20:20:6,25.14,38.00,17.00
2/15 20:20:7,24.49,38.00,17.00
2/15 20:20:8,24.17,38.00,18.00
2/15 20:20:9,24.49,38.00,18.00
2/15 20:20:11,24.49,38.00,17.00
2/15 20:20:12,24.49,38.00,17.00
2/15 20:20:13,24.17,38.00,17.00
2/15 20:20:14,24.81,38.00,17.00
2/15 20:20:16,24.49,38.00,18.00
2/15 20:20:17,24.49,38.00,18.00
2/15 20:20:18,24.17,38.00,18.00
2/15 20:20:19,24.81,38.00,18.00
2/15 20:20:20,24.17,38.00,18.00
2/15 20:20:21,23.85,38.00,18.00
2/15 20:20:23,25.14,38.00,18.00
2/15 20:20:24,25.14,38.00,18.00
2/15 20:20:25,24.49,38.00,18.00
2/15 20:20:26,24.49,38.00,18.00
2/15 20:20:27,24.49,38.00,17.00
2/15 20:20:28,24.17,38.00,17.00
2/15 20:20:30,24.49,38.00,17.00
2/15 20:20:31,24.49,38.00,17.00
2/15 20:20:32,23.20,38.00,18.00
2/15 20:20:33,23.85,38.00,18.00
2/15 20:20:34,24.17,38.00,17.00
2/15 20:20:36,24.49,38.00,17.00
2/15 20:20:37,24.17,38.00,18.00
2/15 20:20:38,24.17,38.00,18.00
2/15 20:20:39,24.17,38.00,18.00
2/15 20:20:40,25.14,38.00,18.00
2/15 20:20:42,24.81,38.00,17.00
2/15 20:20:43,24.49,38.00,17.00
2/15 20:20:44,23.85,38.00,17.00
2/15 20:20:45,23.85,38.00,17.00
2/15 20:20:46,23.85,38.00,18.00
2/15 20:20:47,25.14,38.00,18.00
2/15 20:20:49,24.81,38.00,18.00
2/15 20:20:50,24.17,38.00,18.00
2/15 20:20:51,24.17,38.00,18.00
2/15 20:20:52,24.49,38.00,18.00
2/15 20:20:53,23.85,38.00,18.00
2/15 20:20:54,24.81,38.00,18.00
2/15 20:20:56,23.85,38.00,18.00
2/15 20:20:57,24.17,38.00,18.00
2/15 20:20:59,23.85,38.00,18.00
2/15 20:21:0,24.49,38.00,18.00
2/15 20:21:2,24.17,38.00,18.00
2/15 20:21:3,24.17,38.00,18.00
2/15 20:21:4,23.85,38.00,18.00
2/15 20:21:5,24.49,38.00,18.00
2/15 20:21:6,24.49,38.00,18.00
2/15 20:21:7,24.49,38.00,18.00
2/15 20:21:9,23.53,38.00,18.00
2/15 20:21:10,23.85,38.00,18.00
2/15 20:21:11,24.49,38.00,18.00
2/15 20:21:12,24.17,38.00,18.00
2/15 20:21:13,24.81,38.00,18.00
2/15 20:21:14,24.17,38.00,18.00
2/15 20:21:16,24.49,38.00,18.00
2/15 20:21:17,24.81,38.00,18.00
2/15 20:21:18,24.49,38.00,18.00
2/15 20:21:19,24.17,38.00,18.00
2/15 20:21:20,24.49,38.00,18.00
2/15 20:21:21,24.49,38.00,18.00
2/15 20:21:22,24.81,38.00,18.00
2/15 20:21:23,24.17,38.00,17.00
2/15 20:21:24,24.49,38.00,17.00
2/15 20:21:25,24.17,38.00,17.00
2/15 20:21:26,24.81,38.00,17.00
2/15 20:21:28,23.85,38.00,18.00
2/15 20:21:29,23.85,38.00,18.00
2/15 20:21:30,24.81,38.00,18.00
2/15 20:21:31,24.81,38.00,18.00
2/15 20:21:32,24.81,38.00,17.00
2/15 20:21:33,24.81,38.00,17.00
2/15 20:21:35,25.14,38.00,18.00
2/15 20:21:36,24.49,38.00,18.00
2/15 20:21:37,24.17,38.00,17.00
2/15 20:21:38,24.81,38.00,17.00
2/15 20:21:39,23.85,38.00,17.00
2/15 20:21:40,24.17,38.00,17.00
2/15 20:21:41,24.17,38.00,17.00
2/15 20:21:42,24.49,38.00,18.00
2/15 20:21:43,24.17,38.00,18.00
2/15 20:21:44,24.49,38.00,18.00
2/15 20:21:45,23.85,38.00,18.00
2/15 20:21:47,24.17,38.00,17.00
2/15 20:21:48,23.85,38.00,17.00
2/15 20:21:49,24.49,38.00,17.00
2/15 20:21:50,24.49,38.00,17.00
2/15 20:21:51,24.49,38.00,18.00
2/15 20:21:52,23.85,38.00,18.00
2/15 20:21:54,24.49,38.00,18.00
2/15 20:21:55,24.17,38.00,18.00
2/15 20:21:56,24.81,38.00,18.00
2/15 20:21:57,24.49,38.00,18.00
