DateTime,Mote,Temp,Mic,RF,AQ,Motion
2/21 21:12:14,26,11.19,508,241,255,0
2/21 21:12:15,26,11.48,514,266,255,0
2/21 21:12:16,26,11.48,517,278,254,0
2/21 21:12:17,26,11.48,508,280,254,0
2/21 21:12:18,26,11.78,514,283,254,0
2/21 21:12:18,26,11.78,514,283,254,0
2/21 21:12:20,26,11.48,516,271,252,0
2/21 21:12:21,26,11.78,509,278,251,0
2/21 21:12:22,26,11.48,512,246,250,0
2/21 21:12:23,26,11.48,516,239,251,0
2/21 21:12:24,26,11.48,514,278,249,0
2/21 21:12:25,26,11.78,513,279,250,0
2/21 21:12:26,26,11.78,519,242,249,0
2/21 21:12:27,26,12.07,515,342,248,0
2/21 21:12:28,26,11.78,512,248,248,0
2/21 21:12:29,26,11.78,524,292,248,0
2/21 21:12:30,26,11.78,505,295,247,0
2/21 21:12:31,26,11.78,514,272,246,0
2/21 21:12:32,26,11.78,518,327,246,0
2/21 21:12:33,26,11.78,511,289,246,0
2/21 21:12:34,26,11.78,510,238,245,0
2/21 21:12:35,26,11.78,512,252,244,0
2/21 21:12:36,26,11.78,509,273,243,0
2/21 21:12:37,26,11.78,515,241,243,0
2/21 21:12:38,26,12.07,509,238,242,0
2/21 21:12:39,26,11.78,508,278,242,0
2/21 21:12:40,26,12.07,516,243,241,0
2/21 21:12:41,26,11.19,517,270,240,0
2/21 21:12:42,26,11.78,513,269,239,0
2/21 21:12:43,26,12.07,517,247,239,0
2/21 21:12:44,26,12.07,516,242,238,0
2/21 21:12:45,26,12.07,511,304,237,0
2/21 21:12:46,26,12.07,504,284,237,0
2/21 21:12:47,26,12.07,516,242,236,0
2/21 21:12:48,26,12.07,515,295,235,0
2/21 21:12:49,26,12.07,511,245,234,0
2/21 21:12:50,26,12.07,514,240,233,0
2/21 21:12:51,26,12.07,518,265,232,0
2/21 21:12:52,26,12.07,515,235,232,0
2/21 21:12:53,26,12.07,515,275,231,0
2/21 21:12:54,26,12.07,514,258,230,0
2/21 21:12:55,26,12.07,512,254,229,0
2/21 21:12:56,26,12.07,511,250,230,0
2/21 21:12:57,26,12.07,517,252,229,0
2/21 21:12:58,26,12.07,517,235,228,0
2/21 21:12:59,26,12.07,512,283,228,0
2/21 21:13:0,26,12.07,513,242,228,0
2/21 21:13:1,26,12.07,510,240,227,0
2/21 21:13:2,26,12.36,514,239,225,0
2/21 21:13:3,26,12.07,512,236,226,0
2/21 21:13:4,26,12.07,508,244,227,0
2/21 21:13:5,26,12.36,511,247,226,0
2/21 21:13:6,26,12.36,530,201,234,0
2/21 21:13:7,26,12.36,365,294,233,0
2/21 21:13:8,26,12.36,515,221,254,0
2/21 21:13:9,26,12.95,508,232,270,0
2/21 21:13:10,26,12.36,510,237,251,0
2/21 21:13:11,26,12.07,511,304,241,0
2/21 21:13:12,26,12.36,521,235,237,0
2/21 21:13:13,26,12.07,512,269,234,0
2/21 21:13:14,26,12.36,508,230,234,0
2/21 21:13:15,26,12.66,512,257,232,0
2/21 21:13:16,26,12.66,511,231,231,0
2/21 21:13:17,26,12.66,508,242,231,0
2/21 21:13:18,26,12.66,514,274,231,0
2/21 21:13:19,26,12.66,511,246,231,0
2/21 21:13:20,26,12.66,513,253,230,0
2/21 21:13:21,26,12.95,516,234,230,0
2/21 21:13:22,26,12.66,513,281,230,0
2/21 21:13:23,26,12.95,515,294,229,0
2/21 21:13:24,26,12.95,513,276,229,0
2/21 21:13:25,26,13.24,512,295,229,0
2/21 21:13:26,26,12.95,513,264,229,0
2/21 21:13:27,26,13.24,507,236,228,0
2/21 21:13:28,26,12.95,513,257,227,0
2/21 21:13:29,26,13.24,515,235,227,0
2/21 21:13:30,26,12.95,511,252,227,0
2/21 21:13:31,26,13.24,512,278,227,0
2/21 21:13:32,26,13.83,516,255,227,0
2/21 21:13:33,26,13.24,509,243,227,0
2/21 21:13:34,26,13.24,515,235,226,0
2/21 21:13:35,26,13.24,525,233,226,0
2/21 21:13:36,26,13.54,514,232,226,0
2/21 21:13:37,26,13.54,508,319,226,0
2/21 21:13:38,26,13.83,516,238,225,0
2/21 21:13:39,26,13.54,513,270,224,0
2/21 21:13:40,26,13.54,506,240,224,0
2/21 21:13:41,26,13.54,517,233,224,0
2/21 21:13:43,26,13.54,513,260,223,0
2/21 21:13:44,26,13.54,523,219,224,0
2/21 21:13:45,26,13.83,510,307,227,0
2/21 21:13:46,26,13.83,502,221,282,0
2/21 21:13:47,26,13.83,517,193,309,0
2/21 21:13:48,26,13.83,516,212,313,0
2/21 21:13:49,26,13.83,514,194,350,0
2/21 21:13:50,26,14.12,512,216,1023,0
2/21 21:13:51,26,14.12,541,236,1023,0
2/21 21:13:52,26,14.12,497,184,1023,0
2/21 21:13:53,26,14.12,512,192,1023,0
2/21 21:13:54,26,14.12,516,238,1023,0
2/21 21:13:55,26,14.41,509,205,1023,0
2/21 21:13:56,26,14.12,514,238,1023,0
2/21 21:13:57,26,14.41,514,215,1023,0
2/21 21:13:58,26,14.12,514,180,1023,0
2/21 21:13:59,26,14.71,511,181,1023,0
2/21 21:14:0,26,14.71,514,236,1023,0
2/21 21:14:1,26,14.71,512,195,1023,0
2/21 21:14:2,26,14.41,513,193,1023,0
2/21 21:14:3,26,14.41,517,207,1023,0
2/21 21:14:4,26,14.41,511,212,1023,0
2/21 21:14:5,26,14.71,515,225,1023,0
2/21 21:14:6,26,15.00,633,274,1023,0
2/21 21:14:7,26,15.00,438,202,1009,0
2/21 21:14:8,26,15.00,489,274,913,0
2/21 21:14:9,26,15.29,612,347,863,0
2/21 21:14:10,26,15.00,674,300,816,0
2/21 21:14:11,26,15.00,614,261,746,0
2/21 21:14:12,26,15.00,498,278,695,0
2/21 21:14:13,26,15.59,502,288,685,0
2/21 21:14:14,26,15.29,438,230,694,0
2/21 21:14:15,26,15.29,510,296,625,0
2/21 21:14:16,26,15.29,519,246,516,0
2/21 21:14:17,26,15.59,512,241,449,0
2/21 21:14:18,26,15.00,490,267,407,0
2/21 21:14:19,26,15.00,535,297,378,0
2/21 21:14:20,26,15.29,507,351,356,0
2/21 21:14:21,26,15.29,514,336,336,0
2/21 21:14:22,26,15.00,516,260,322,0
2/21 21:14:23,26,15.00,514,285,310,0
2/21 21:14:24,26,15.00,503,243,300,0
2/21 21:14:25,26,15.29,505,242,291,0
2/21 21:14:26,26,15.29,515,274,284,0
2/21 21:14:27,26,15.29,515,251,277,0
2/21 21:14:28,26,15.00,514,243,272,0
2/21 21:14:29,26,15.00,515,288,267,0
2/21 21:14:30,26,15.00,512,245,270,0
2/21 21:14:31,26,15.00,519,251,263,0
2/21 21:14:32,26,15.00,516,257,256,0
2/21 21:14:33,26,15.00,515,281,252,0
2/21 21:14:34,26,15.00,506,341,248,0
2/21 21:14:35,26,15.00,508,306,246,0
2/21 21:14:36,26,15.00,505,247,243,0
2/21 21:14:37,26,14.71,518,288,241,0
2/21 21:14:38,26,15.00,508,263,239,0
2/21 21:14:39,26,14.71,512,245,237,0
2/21 21:14:40,26,15.00,506,307,235,0
2/21 21:14:41,26,14.71,516,258,234,0
2/21 21:14:42,26,14.71,515,277,232,0
2/21 21:14:43,26,14.71,516,246,232,0
2/21 21:14:44,26,15.00,517,335,233,0
2/21 21:14:45,26,15.00,516,204,235,0
2/21 21:14:46,26,14.71,512,269,255,0
2/21 21:14:47,26,15.00,518,264,252,0
2/21 21:14:48,26,15.00,512,209,254,0
2/21 21:14:49,26,15.00,513,221,273,0
2/21 21:14:50,26,15.00,513,285,269,0
2/21 21:14:51,26,15.00,512,248,275,0
2/21 21:14:52,26,15.00,512,254,571,0
2/21 21:14:53,26,15.29,514,201,796,0
2/21 21:14:54,26,15.29,511,202,872,0
2/21 21:14:55,26,15.29,511,265,887,0
2/21 21:14:56,26,15.29,515,190,973,0
2/21 21:14:57,26,15.29,507,198,968,0
2/21 21:14:58,26,15.88,513,192,943,0
2/21 21:14:59,26,15.59,516,273,880,0
2/21 21:15:0,26,15.29,511,290,1023,0
2/21 21:15:1,26,15.59,512,238,1023,0
2/21 21:15:2,26,15.59,514,289,1023,0
2/21 21:15:3,26,15.59,532,296,1023,0
2/21 21:15:4,26,15.59,520,315,1023,0
2/21 21:15:5,26,15.88,512,207,1023,0
2/21 21:15:6,26,15.88,514,282,1023,0
2/21 21:15:7,26,15.88,516,254,1023,0
2/21 21:15:8,26,15.88,511,349,1023,0
2/21 21:15:9,26,15.88,514,298,1023,0
2/21 21:15:10,26,15.88,512,320,1023,0
2/21 21:15:11,26,15.88,512,295,1023,0
2/21 21:15:12,26,15.29,514,266,1023,0
2/21 21:15:13,26,15.88,514,297,1023,0
2/21 21:15:14,26,15.88,509,312,1023,0
2/21 21:15:15,26,15.88,511,208,1023,0
2/21 21:15:16,26,16.46,514,311,1023,0
2/21 21:15:17,26,16.17,513,212,923,0
2/21 21:15:18,26,15.88,513,309,779,0
2/21 21:15:19,26,16.17,510,224,692,0
2/21 21:15:20,26,16.17,510,235,632,0
2/21 21:15:21,26,16.46,516,205,564,0
2/21 21:15:22,26,16.46,515,223,511,0
2/21 21:15:23,26,16.46,514,247,471,0
2/21 21:15:24,26,16.46,511,302,448,0
2/21 21:15:25,26,16.46,511,242,425,0
2/21 21:15:26,26,16.76,513,315,401,0
2/21 21:15:27,26,16.76,514,224,382,0
2/21 21:15:28,26,17.05,518,317,366,0
2/21 21:15:29,26,16.76,513,256,352,0
2/21 21:15:30,26,16.76,513,309,340,0
2/21 21:15:31,26,16.76,514,240,329,0
2/21 21:15:32,26,16.76,509,302,320,0
2/21 21:15:33,26,16.76,514,264,317,0
2/21 21:15:34,26,17.05,512,192,309,0
2/21 21:15:35,26,17.05,514,244,304,0
2/21 21:15:36,26,16.76,512,250,293,0
2/21 21:15:37,26,17.05,514,243,287,0
2/21 21:15:38,26,17.05,514,204,281,0
2/21 21:15:39,26,17.05,522,270,279,0
2/21 21:15:40,26,17.05,512,304,274,0
2/21 21:15:41,26,17.05,518,304,271,0
2/21 21:15:42,26,17.34,513,302,266,0
2/21 21:15:43,26,17.34,506,306,263,0
2/21 21:15:44,26,16.76,512,240,257,0
2/21 21:15:45,26,16.76,511,204,251,0
2/21 21:15:46,26,17.34,515,199,251,0
2/21 21:15:47,26,16.76,516,219,421,0
2/21 21:15:48,26,17.34,511,305,837,0
2/21 21:15:49,26,17.34,507,215,1023,0
2/21 21:15:50,26,17.64,519,196,1023,0
2/21 21:15:51,26,17.93,511,209,1023,0
2/21 21:15:52,26,17.64,513,308,1023,0
2/21 21:15:53,26,17.64,514,240,887,0
2/21 21:15:54,26,17.64,510,311,739,0
2/21 21:15:55,26,17.64,516,226,640,0
2/21 21:15:56,26,17.93,512,304,564,0
2/21 21:15:57,26,17.64,508,209,509,0
2/21 21:15:58,26,17.93,507,291,468,0
2/21 21:15:59,26,17.93,509,303,436,0
2/21 21:16:0,26,17.64,514,289,411,0
2/21 21:16:1,26,17.64,519,283,400,0
2/21 21:16:2,26,17.93,510,309,423,0
2/21 21:16:3,26,17.93,508,296,487,0
2/21 21:16:4,26,17.93,533,254,585,0
2/21 21:16:5,26,18.22,517,190,739,0
2/21 21:16:6,26,18.22,509,294,656,0
2/21 21:16:7,26,18.22,513,306,623,0
2/21 21:16:8,26,18.22,514,302,838,0
2/21 21:16:9,26,18.22,508,299,801,0
2/21 21:16:10,26,18.22,514,302,670,0
2/21 21:16:11,26,18.52,516,227,560,0
2/21 21:16:12,26,18.52,508,214,490,0
2/21 21:16:13,26,18.52,502,300,474,0
2/21 21:16:14,26,18.52,515,241,437,0
2/21 21:16:15,26,18.52,515,193,419,0
2/21 21:16:16,26,18.52,510,305,460,0
2/21 21:16:17,26,18.52,512,263,594,0
2/21 21:16:18,26,18.52,511,216,665,0
2/21 21:16:19,26,18.22,518,192,804,0
2/21 21:16:20,26,18.52,517,217,869,0
2/21 21:16:21,26,18.52,513,198,745,0
2/21 21:16:22,26,18.81,516,197,636,0
2/21 21:16:23,26,18.52,511,221,558,0
2/21 21:16:24,26,18.81,513,186,490,0
2/21 21:16:25,26,18.81,512,227,444,0
2/21 21:16:26,26,18.81,509,198,429,0
2/21 21:16:27,26,18.81,511,216,401,0
2/21 21:16:28,26,18.81,513,199,387,0
2/21 21:16:29,26,18.81,514,282,362,0
2/21 21:16:30,26,18.81,516,288,350,0
2/21 21:16:31,26,18.81,518,285,336,0
2/21 21:16:32,26,19.10,506,240,432,0
2/21 21:16:33,26,18.81,526,217,520,0
2/21 21:16:34,26,18.81,510,205,462,0
2/21 21:16:35,26,19.10,513,251,423,0
2/21 21:16:36,26,19.39,514,223,479,0
2/21 21:16:37,26,19.10,512,213,453,0
2/21 21:16:38,26,19.10,517,239,414,0
2/21 21:16:39,26,19.10,515,280,374,0
2/21 21:16:40,26,19.10,514,233,341,0
2/21 21:16:41,26,19.39,513,278,322,0
2/21 21:16:42,26,19.39,511,201,331,0
2/21 21:16:43,26,19.10,511,282,312,0
2/21 21:16:44,26,19.39,507,297,298,0
2/21 21:16:45,26,19.39,518,200,283,0
2/21 21:16:46,26,19.39,509,225,280,0
2/21 21:16:47,26,19.39,511,298,280,0
2/21 21:16:48,26,19.98,395,280,275,0
2/21 21:16:49,26,19.39,516,286,266,0
2/21 21:16:50,26,19.39,510,295,259,0
2/21 21:16:51,26,19.10,516,326,249,0
2/21 21:16:52,26,19.10,512,282,242,0
2/21 21:16:53,26,19.10,519,353,238,0
2/21 21:16:54,26,19.10,512,252,234,0
2/21 21:16:55,26,19.10,515,346,230,0
2/21 21:16:56,26,19.10,508,282,227,0
2/21 21:16:57,26,18.81,507,349,224,0
2/21 21:16:58,26,19.10,508,341,221,0
2/21 21:16:59,26,19.10,512,354,219,0
2/21 21:17:0,26,19.10,520,334,216,0
2/21 21:17:1,26,18.81,511,354,214,0
2/21 21:17:2,26,18.81,519,342,211,0
2/21 21:17:3,26,18.81,514,309,212,0
2/21 21:17:4,26,18.81,523,327,215,0
2/21 21:17:5,26,18.81,516,277,217,0
2/21 21:17:6,26,18.81,510,208,212,0
2/21 21:17:7,26,19.10,508,220,213,0
2/21 21:17:8,26,18.81,516,206,215,0
2/21 21:17:9,26,18.81,516,314,216,0
2/21 21:17:10,26,18.81,516,209,218,0
2/21 21:17:11,26,19.10,510,302,217,0
2/21 21:17:12,26,19.10,515,215,214,0
2/21 21:17:13,26,18.81,520,370,215,0
2/21 21:17:14,26,19.10,515,381,219,0
2/21 21:17:15,26,19.10,514,373,214,0
2/21 21:17:16,26,19.10,515,371,210,0
2/21 21:17:17,26,19.10,509,246,207,0
2/21 21:17:18,26,19.69,507,210,205,0
2/21 21:17:19,26,19.39,517,379,202,0
2/21 21:17:20,26,19.98,516,254,200,0
2/21 21:17:21,26,19.10,513,302,203,0
2/21 21:17:22,26,19.69,514,215,216,0
2/21 21:17:23,26,19.69,524,324,264,0
2/21 21:17:24,26,19.39,513,207,267,0
2/21 21:17:25,26,19.39,514,231,265,0
2/21 21:17:26,26,20.27,512,293,260,0
2/21 21:17:27,26,19.10,512,251,252,0
2/21 21:17:28,26,19.69,511,282,243,0
2/21 21:17:29,26,19.69,512,287,239,0
2/21 21:17:30,26,19.69,510,202,235,0
2/21 21:17:31,26,19.69,512,282,228,0
2/21 21:17:32,26,19.69,518,245,224,0
2/21 21:17:33,26,19.69,514,285,227,0
2/21 21:17:34,26,19.69,511,305,424,0
2/21 21:17:35,26,19.69,518,226,701,0
2/21 21:17:36,26,19.98,504,252,739,0
2/21 21:17:37,26,19.10,511,313,633,0
2/21 21:17:38,26,20.27,519,281,586,0
2/21 21:17:39,26,19.69,512,350,534,0
2/21 21:17:40,26,19.69,502,271,465,0
2/21 21:17:41,26,19.69,507,336,413,0
2/21 21:17:42,26,19.98,516,343,371,0
2/21 21:17:43,26,19.98,516,259,342,0
2/21 21:17:44,26,19.10,512,335,320,0
2/21 21:17:45,26,19.69,511,271,303,0
2/21 21:17:46,26,19.69,512,274,289,0
2/21 21:17:47,26,19.69,514,253,280,0
2/21 21:17:48,26,19.69,518,332,271,0
2/21 21:17:49,26,19.39,508,357,263,0
2/21 21:17:50,26,19.39,512,278,255,0
2/21 21:17:51,26,19.39,514,343,248,0
2/21 21:17:52,26,19.39,512,330,244,0
2/21 21:17:53,26,19.39,511,247,240,0
2/21 21:17:54,26,19.39,511,242,234,0
2/21 21:17:55,26,19.10,509,255,230,0
2/21 21:17:56,26,19.10,518,262,225,0
2/21 21:17:57,26,19.10,519,303,222,0
2/21 21:17:58,26,19.10,517,291,219,0
2/21 21:17:59,26,19.10,514,247,216,0
2/21 21:18:0,26,18.81,509,237,214,0
2/21 21:18:1,26,18.81,518,244,210,0
2/21 21:18:2,26,18.81,513,336,207,0
2/21 21:18:3,26,18.81,515,346,203,0
2/21 21:18:4,26,18.52,520,246,201,0
2/21 21:18:5,26,18.52,514,244,198,0
2/21 21:18:6,26,18.52,514,336,196,0
2/21 21:18:7,26,18.52,514,345,193,0
2/21 21:18:8,26,18.22,527,324,190,0
2/21 21:18:9,26,18.52,509,338,188,0
2/21 21:18:10,26,18.22,513,258,187,0
2/21 21:18:11,26,18.22,517,335,184,0
2/21 21:18:12,26,18.22,514,286,183,0
2/21 21:18:13,26,18.22,506,371,182,0
2/21 21:18:14,26,18.52,516,363,181,0
2/21 21:18:15,26,18.22,516,330,179,0
2/21 21:18:16,26,17.93,504,366,178,0
2/21 21:18:17,26,17.93,510,290,178,0
2/21 21:18:18,26,17.93,513,347,176,0
2/21 21:18:19,26,17.93,515,343,175,0
2/21 21:18:20,26,17.93,511,235,175,0
2/21 21:18:21,26,17.93,511,314,175,0
2/21 21:18:22,26,17.34,510,301,174,0
2/21 21:18:23,26,17.34,502,288,174,0
2/21 21:18:24,26,17.64,517,326,174,0
2/21 21:18:25,26,17.64,517,255,173,0
2/21 21:18:26,26,17.05,515,352,172,0
2/21 21:18:27,26,17.64,516,352,171,0
2/21 21:18:28,26,17.64,512,362,171,0
2/21 21:18:29,26,17.34,511,307,171,0
2/21 21:18:30,26,17.64,515,352,170,0
2/21 21:18:31,26,17.34,521,357,168,0
2/21 21:18:32,26,17.34,511,282,168,0
2/21 21:18:33,26,17.05,526,339,167,0
2/21 21:18:34,26,17.05,514,343,166,0
2/21 21:18:35,26,17.05,514,345,165,0
2/21 21:18:37,26,17.05,511,309,163,0
2/21 21:18:38,26,17.05,511,345,162,0
2/21 21:18:39,26,17.05,517,357,161,0
2/21 21:18:40,26,16.76,515,342,160,0
2/21 21:18:41,26,17.05,516,354,159,0
2/21 21:18:42,26,16.76,513,350,157,0
2/21 21:18:43,26,17.05,507,304,157,0
2/21 21:18:44,26,16.76,512,358,155,0
2/21 21:18:45,26,16.76,511,255,155,0
2/21 21:18:46,26,16.76,512,283,154,0
2/21 21:18:47,26,16.76,505,299,153,0
2/21 21:18:48,26,16.76,512,243,152,0
2/21 21:18:49,26,16.46,502,263,151,0
2/21 21:18:50,26,16.46,514,341,151,0
2/21 21:18:51,26,16.46,516,338,150,0
2/21 21:18:52,26,16.46,510,255,149,0
2/21 21:18:53,26,16.46,511,279,149,0
2/21 21:18:54,26,16.46,516,289,148,0
2/21 21:18:55,26,16.46,505,332,147,0
2/21 21:18:56,26,16.46,516,346,147,0
2/21 21:18:57,26,16.17,520,344,148,0
2/21 21:18:58,26,16.17,514,343,146,0
2/21 21:18:58,26,16.17,514,343,146,0
2/21 21:19:0,26,16.46,515,339,146,0
2/21 21:19:1,26,16.17,516,310,146,0
2/21 21:19:2,26,16.17,512,344,145,0
2/21 21:19:3,26,16.17,517,337,145,0
2/21 21:19:4,26,16.17,523,342,144,0
2/21 21:19:5,26,16.17,518,349,144,0
2/21 21:19:6,26,15.88,508,338,144,0
2/21 21:19:7,26,15.88,512,247,144,0
2/21 21:19:8,26,16.17,521,346,144,0
2/21 21:19:9,26,15.88,511,346,142,0
2/21 21:19:10,26,15.88,507,239,144,0
2/21 21:19:11,26,15.88,509,343,143,0
2/21 21:19:12,26,15.88,509,286,144,0
2/21 21:19:13,26,15.88,517,333,143,0
2/21 21:19:14,26,15.88,519,335,144,0
2/21 21:19:15,26,15.88,518,237,144,0
2/21 21:19:16,26,15.88,507,336,144,0
2/21 21:19:17,26,15.59,515,346,145,0
2/21 21:19:18,26,15.88,514,267,146,0
2/21 21:19:19,26,15.59,515,349,146,0
2/21 21:19:20,26,15.59,511,342,147,0
2/21 21:19:21,26,15.88,513,295,147,0
2/21 21:19:22,26,15.59,507,340,147,0
2/21 21:19:23,26,15.29,506,281,148,0
2/21 21:19:24,26,15.59,511,341,148,0
2/21 21:19:25,26,15.59,512,341,148,0
2/21 21:19:26,26,15.59,514,235,148,0
2/21 21:19:27,26,15.29,514,330,148,0
2/21 21:19:28,26,15.59,514,241,148,0
2/21 21:19:29,26,15.00,516,240,149,0
2/21 21:19:30,26,15.59,513,299,150,0
2/21 21:19:31,26,15.29,507,323,150,0
2/21 21:19:32,26,15.29,509,346,150,0
2/21 21:19:33,26,15.59,518,309,151,0
2/21 21:19:34,26,15.29,509,325,152,0
2/21 21:19:35,26,15.29,513,327,151,0
2/21 21:19:36,26,15.29,511,337,151,0
2/21 21:19:37,26,15.29,517,345,152,0
2/21 21:19:38,26,15.59,513,344,152,0
2/21 21:19:39,26,15.29,519,282,152,0
2/21 21:19:40,26,15.29,511,308,152,0
2/21 21:19:41,26,15.00,517,284,151,0
2/21 21:19:42,26,15.29,515,282,151,0
2/21 21:19:43,26,15.29,513,238,150,0
2/21 21:19:44,26,15.00,505,321,150,0
2/21 21:19:45,26,14.71,513,268,149,0
2/21 21:19:46,26,15.00,514,238,149,0
2/21 21:19:47,26,15.00,517,231,147,0
2/21 21:19:48,26,15.00,506,344,146,0
2/21 21:19:49,26,15.00,515,337,146,0
2/21 21:19:50,26,15.00,506,239,145,0
2/21 21:19:51,26,15.00,514,341,145,0
2/21 21:19:52,26,15.00,519,286,143,0
2/21 21:19:53,26,15.00,519,262,143,0
2/21 21:19:54,26,14.41,523,332,143,0
2/21 21:19:55,26,14.71,508,365,142,0
2/21 21:19:56,26,15.00,517,336,141,0
2/21 21:19:57,26,14.71,511,336,140,0
2/21 21:19:58,26,14.71,514,344,139,0
2/21 21:19:59,26,14.71,512,346,139,0
2/21 21:20:0,26,14.71,510,347,138,0
2/21 21:20:1,26,14.71,509,243,138,0
2/21 21:20:2,26,15.00,520,300,138,0
2/21 21:20:3,26,14.71,509,284,136,0
2/21 21:20:4,26,15.29,511,263,135,0
2/21 21:20:5,26,14.71,515,270,136,0
2/21 21:20:6,26,14.71,515,341,135,0
2/21 21:20:7,26,14.71,512,338,135,0
2/21 21:20:8,26,14.71,518,334,135,0
2/21 21:20:9,26,14.71,515,236,135,0
2/21 21:20:10,26,14.71,511,349,134,0
2/21 21:20:11,26,14.71,513,340,133,0
2/21 21:20:12,26,14.71,513,341,133,0
2/21 21:20:13,26,14.41,515,267,132,0
2/21 21:20:14,26,14.71,514,285,132,0
2/21 21:20:15,26,14.71,518,339,132,0
2/21 21:20:16,26,14.41,518,302,132,0
2/21 21:20:17,26,14.71,513,337,132,0
2/21 21:20:18,26,14.41,517,344,131,0
2/21 21:20:19,26,14.12,511,339,130,0
2/21 21:20:20,26,14.41,517,290,130,0
2/21 21:20:21,26,14.71,513,351,130,0
2/21 21:20:21,26,14.71,513,351,130,0
2/21 21:20:23,26,14.41,516,308,129,0
2/21 21:20:24,26,14.41,514,338,129,0
2/21 21:20:25,26,14.71,516,303,130,0
2/21 21:20:26,26,14.41,513,292,129,0
2/21 21:20:27,26,14.71,517,347,129,0
2/21 21:20:28,26,14.41,512,308,129,0
2/21 21:20:29,26,14.41,507,268,128,0
2/21 21:20:30,26,14.41,518,299,128,0
2/21 21:20:31,26,14.41,526,261,129,0
2/21 21:20:32,26,14.41,509,241,128,0
2/21 21:20:33,26,14.41,526,349,128,0
2/21 21:20:34,26,14.41,518,340,128,0
2/21 21:20:35,26,14.12,509,279,128,0
2/21 21:20:36,26,14.41,508,332,128,0
2/21 21:20:37,26,14.41,512,334,128,0
2/21 21:20:38,26,14.12,515,246,128,0
2/21 21:20:39,26,14.41,511,341,128,0
2/21 21:20:40,26,14.12,520,263,128,0
2/21 21:20:41,26,14.41,500,345,127,0
2/21 21:20:42,26,14.12,522,242,127,0
2/21 21:20:43,26,14.41,511,339,127,0
2/21 21:20:44,26,14.12,508,286,127,0
2/21 21:20:45,26,14.41,519,362,127,0
2/21 21:20:46,26,14.12,519,356,126,0
2/21 21:20:47,26,13.83,510,351,127,0
2/21 21:20:48,26,14.12,514,243,127,0
2/21 21:20:49,26,14.12,515,337,127,0
2/21 21:20:50,26,14.12,502,243,127,0
2/21 21:20:51,26,14.12,504,340,126,0
2/21 21:20:52,26,13.83,508,303,126,0
2/21 21:20:53,26,14.12,518,288,126,0
2/21 21:20:54,26,14.12,525,275,126,0
2/21 21:20:55,26,14.12,513,262,126,0
2/21 21:20:56,26,14.12,515,243,126,0
2/21 21:20:57,26,14.12,512,331,125,0
2/21 21:20:58,26,14.12,513,233,126,0
2/21 21:20:59,26,14.12,515,339,126,0
2/21 21:21:0,26,14.12,514,286,125,0
2/21 21:21:1,26,14.12,513,344,126,0
2/21 21:21:2,26,14.12,519,238,125,0
2/21 21:21:3,26,14.12,518,338,125,0
2/21 21:21:4,26,14.12,518,346,124,0
2/21 21:21:5,26,14.12,520,357,124,0
2/21 21:21:6,26,13.83,522,299,124,0
2/21 21:21:7,26,14.12,512,338,123,0
2/21 21:21:8,26,14.12,514,347,124,0
2/21 21:21:9,26,13.83,511,340,124,0
2/21 21:21:10,26,13.83,510,242,123,0
2/21 21:21:11,26,14.12,515,314,123,0
2/21 21:21:11,26,14.12,515,314,123,0
2/21 21:21:13,26,14.12,519,332,123,0
2/21 21:21:14,26,13.83,523,252,123,0
2/21 21:21:15,26,13.83,518,323,123,0
2/21 21:21:16,26,14.12,500,235,123,0
2/21 21:21:17,26,13.83,502,291,123,0
2/21 21:21:18,26,14.12,517,238,123,0
2/21 21:21:19,26,14.12,511,347,122,0
2/21 21:21:20,26,13.83,524,273,122,0
2/21 21:21:21,26,13.83,505,351,122,0
2/21 21:21:22,26,14.12,526,263,122,0
2/21 21:21:23,26,13.83,520,270,122,0
2/21 21:21:24,26,13.54,516,236,122,0
2/21 21:21:25,26,13.83,517,338,121,0
2/21 21:21:25,26,13.83,517,338,121,0
2/21 21:21:25,26,13.83,517,338,121,0
2/21 21:21:28,26,14.12,513,350,122,0
2/21 21:21:29,26,14.12,517,343,122,0
2/21 21:21:30,26,13.83,518,240,121,0
2/21 21:21:31,26,13.54,509,344,121,0
2/21 21:21:32,26,13.83,512,248,121,0
2/21 21:21:33,26,13.54,514,341,121,0
2/21 21:21:34,26,13.83,505,235,120,0
2/21 21:21:35,26,13.54,504,240,121,0
2/21 21:21:36,26,13.83,525,232,121,0
2/21 21:21:37,26,13.83,513,328,120,0
2/21 21:21:38,26,13.83,518,241,120,0
2/21 21:21:39,26,14.41,515,335,120,0
2/21 21:21:40,26,13.83,492,339,121,0
2/21 21:21:41,26,12.95,520,342,120,0
2/21 21:21:42,26,14.12,515,238,121,0
2/21 21:21:43,26,13.83,523,349,120,0
2/21 21:21:44,26,13.83,516,233,120,0
2/21 21:21:45,26,14.71,511,255,121,0
2/21 21:21:46,26,13.83,510,299,120,0
2/21 21:21:47,26,13.83,508,343,120,0
2/21 21:21:48,26,13.54,509,357,121,0
2/21 21:21:49,26,13.54,511,331,121,0
2/21 21:21:50,26,13.54,521,236,121,0
2/21 21:21:51,26,13.83,520,348,120,0
2/21 21:21:52,26,13.54,501,237,120,0
2/21 21:21:53,26,13.54,496,296,120,0
2/21 21:21:54,26,13.83,514,348,120,0
2/21 21:21:55,26,13.83,522,349,120,0
2/21 21:21:56,26,13.83,532,342,120,0
2/21 21:21:57,26,13.83,501,281,120,0
2/21 21:21:58,26,13.83,516,273,120,0
2/21 21:21:59,26,13.54,511,344,119,0
2/21 21:22:0,26,13.54,522,334,120,0
2/21 21:22:1,26,13.54,521,240,120,0
2/21 21:22:2,26,13.54,504,275,119,0
2/21 21:22:3,26,13.54,507,342,120,0
2/21 21:22:4,26,13.83,506,339,120,0
2/21 21:22:5,26,13.54,520,345,120,0
2/21 21:22:6,26,13.54,518,265,120,0
2/21 21:22:7,26,13.54,515,339,120,0
2/21 21:22:8,26,13.24,528,233,120,0
2/21 21:22:9,26,13.83,513,336,120,0
2/21 21:22:10,26,12.95,523,282,120,0
2/21 21:22:11,26,13.54,512,232,120,0
2/21 21:22:12,26,13.54,516,342,121,0
2/21 21:22:12,26,13.54,516,342,121,0
2/21 21:22:14,26,13.54,512,274,120,0
2/21 21:22:15,26,13.83,514,354,120,0
2/21 21:22:16,26,13.54,517,252,120,0
2/21 21:22:17,26,13.54,503,347,120,0
2/21 21:22:18,26,13.54,510,233,121,0
2/21 21:22:19,26,13.54,505,346,120,0
2/21 21:22:20,26,13.54,527,344,120,0
2/21 21:22:21,26,13.54,501,346,121,0
2/21 21:22:22,26,13.54,508,229,121,0
2/21 21:22:23,26,13.54,511,331,121,0
2/21 21:22:24,26,13.54,511,289,120,0
2/21 21:22:25,26,12.95,509,230,120,0
2/21 21:22:26,26,13.54,513,306,120,0
2/21 21:22:27,26,13.54,504,346,121,0
2/21 21:22:28,26,13.54,509,234,121,0
2/21 21:22:29,26,12.95,518,341,120,0
2/21 21:22:30,26,13.54,521,259,120,0
2/21 21:22:31,26,13.54,511,348,120,0
2/21 21:22:32,26,13.54,514,242,120,0
2/21 21:22:33,26,13.54,511,254,120,0
2/21 21:22:34,26,13.24,517,289,120,0
2/21 21:22:35,26,13.54,514,335,120,0
2/21 21:22:36,26,13.54,517,238,120,0
2/21 21:22:37,26,13.54,514,247,120,0
2/21 21:22:38,26,13.54,513,238,120,0
2/21 21:22:39,26,13.54,509,338,120,0
2/21 21:22:40,26,13.54,515,279,120,0
2/21 21:22:41,26,13.24,515,324,120,0
2/21 21:22:42,26,13.54,517,253,120,0
2/21 21:22:43,26,13.24,515,350,119,0
2/21 21:22:44,26,13.54,520,363,120,0
2/21 21:22:45,26,13.24,540,287,120,0
2/21 21:22:46,26,12.95,582,286,118,0
2/21 21:22:47,26,13.54,511,230,120,0
2/21 21:22:48,26,13.54,497,225,119,0
2/21 21:22:49,26,13.54,472,347,119,0
2/21 21:22:50,26,13.54,444,355,119,0
2/21 21:22:51,26,13.54,507,293,118,0
2/21 21:22:52,26,13.54,460,360,118,0
2/21 21:22:53,26,13.24,512,311,118,0
2/21 21:22:54,26,13.24,562,364,119,0
2/21 21:22:55,26,13.54,494,348,118,0
2/21 21:22:56,26,13.83,539,353,119,0
2/21 21:22:57,26,13.54,554,230,118,0
2/21 21:22:58,26,13.54,562,341,117,0
2/21 21:22:59,26,13.24,474,228,118,0
2/21 21:23:0,26,13.54,528,353,118,0
2/21 21:23:1,26,13.24,480,225,117,0
2/21 21:23:2,26,13.24,603,332,117,0
2/21 21:23:3,26,13.54,544,226,118,0
2/21 21:23:4,26,13.24,541,283,117,0
2/21 21:23:5,26,13.24,505,297,117,0
2/21 21:23:6,26,13.24,558,274,117,0
2/21 21:23:7,26,12.95,463,348,117,0
2/21 21:23:8,26,13.24,586,291,117,0
2/21 21:23:9,26,13.54,590,220,118,0
2/21 21:23:10,26,12.95,591,355,117,0
2/21 21:23:11,26,13.24,668,359,117,0
2/21 21:26:11,26,13.24,489,253,116,0
2/21 21:26:12,26,13.24,517,342,118,0
2/21 21:26:13,26,13.24,517,232,118,0
2/21 21:26:14,26,13.24,509,331,118,0
2/21 21:26:15,26,13.24,523,337,118,0
2/21 21:26:16,26,13.24,511,230,118,0
2/21 21:26:17,26,12.95,515,244,118,0
2/21 21:26:18,26,13.24,517,268,119,0
2/21 21:26:19,26,13.24,521,240,118,0
2/21 21:26:20,26,12.95,514,342,118,0
2/21 21:26:21,26,13.83,520,337,118,0
2/21 21:26:22,26,13.24,518,232,118,0
2/21 21:26:23,26,13.24,517,263,118,0
2/21 21:26:24,26,13.24,515,287,118,0
2/21 21:26:25,26,13.24,513,264,118,0
2/21 21:26:26,26,13.54,517,339,118,0
2/21 21:26:27,26,13.24,523,242,118,0
2/21 21:26:28,26,13.24,507,269,118,0
2/21 21:26:29,26,13.24,523,253,118,0
2/21 21:26:30,26,13.24,518,245,118,0
2/21 21:26:31,26,13.24,516,242,118,0
